-- MySQL dump 10.13  Distrib 8.0.38, for Win64 (x86_64)
--
-- Host: 127.0.0.1    Database: artedacozinha
-- ------------------------------------------------------
-- Server version	5.5.5-10.4.32-MariaDB

/*!40101 SET @OLD_CHARACTER_SET_CLIENT=@@CHARACTER_SET_CLIENT */;
/*!40101 SET @OLD_CHARACTER_SET_RESULTS=@@CHARACTER_SET_RESULTS */;
/*!40101 SET @OLD_COLLATION_CONNECTION=@@COLLATION_CONNECTION */;
/*!50503 SET NAMES utf8 */;
/*!40103 SET @OLD_TIME_ZONE=@@TIME_ZONE */;
/*!40103 SET TIME_ZONE='+00:00' */;
/*!40014 SET @OLD_UNIQUE_CHECKS=@@UNIQUE_CHECKS, UNIQUE_CHECKS=0 */;
/*!40014 SET @OLD_FOREIGN_KEY_CHECKS=@@FOREIGN_KEY_CHECKS, FOREIGN_KEY_CHECKS=0 */;
/*!40101 SET @OLD_SQL_MODE=@@SQL_MODE, SQL_MODE='NO_AUTO_VALUE_ON_ZERO' */;
/*!40111 SET @OLD_SQL_NOTES=@@SQL_NOTES, SQL_NOTES=0 */;

--
-- Table structure for table `cargo`
--

DROP TABLE IF EXISTS `cargo`;
/*!40101 SET @saved_cs_client     = @@character_set_client */;
/*!50503 SET character_set_client = utf8mb4 */;
CREATE TABLE `cargo` (
  `idCargo` int(11) NOT NULL AUTO_INCREMENT,
  `descricao` varchar(100) NOT NULL,
  PRIMARY KEY (`idCargo`)
) ENGINE=InnoDB AUTO_INCREMENT=4 DEFAULT CHARSET=utf8mb4 COLLATE=utf8mb4_general_ci;
/*!40101 SET character_set_client = @saved_cs_client */;

--
-- Dumping data for table `cargo`
--

LOCK TABLES `cargo` WRITE;
/*!40000 ALTER TABLE `cargo` DISABLE KEYS */;
INSERT INTO `cargo` VALUES (1,'Gerente'),(2,'Cozinheiro'),(3,'Atendente');
/*!40000 ALTER TABLE `cargo` ENABLE KEYS */;
UNLOCK TABLES;

--
-- Table structure for table `cargos`
--

DROP TABLE IF EXISTS `cargos`;
/*!40101 SET @saved_cs_client     = @@character_set_client */;
/*!50503 SET character_set_client = utf8mb4 */;
CREATE TABLE `cargos` (
  `id` int(11) NOT NULL AUTO_INCREMENT,
  `nome` varchar(100) NOT NULL,
  `descricao` text NOT NULL,
  `data_inicio` date NOT NULL,
  `data_fim` date DEFAULT NULL,
  `ativo` tinyint(1) NOT NULL DEFAULT 1,
  PRIMARY KEY (`id`)
) ENGINE=InnoDB AUTO_INCREMENT=5 DEFAULT CHARSET=utf8mb4 COLLATE=utf8mb4_general_ci;
/*!40101 SET character_set_client = @saved_cs_client */;

--
-- Dumping data for table `cargos`
--

LOCK TABLES `cargos` WRITE;
/*!40000 ALTER TABLE `cargos` DISABLE KEYS */;
INSERT INTO `cargos` VALUES (2,'Cozinheiro','aaa','2004-05-05','2025-05-05',1),(4,'Administrador','administrar as coisas','2023-05-05','2024-05-05',1);
/*!40000 ALTER TABLE `cargos` ENABLE KEYS */;
UNLOCK TABLES;

--
-- Table structure for table `categoria`
--

DROP TABLE IF EXISTS `categoria`;
/*!40101 SET @saved_cs_client     = @@character_set_client */;
/*!50503 SET character_set_client = utf8mb4 */;
CREATE TABLE `categoria` (
  `idCategoria` int(11) NOT NULL AUTO_INCREMENT,
  `descricao` varchar(100) NOT NULL,
  PRIMARY KEY (`idCategoria`)
) ENGINE=InnoDB AUTO_INCREMENT=13 DEFAULT CHARSET=utf8mb4 COLLATE=utf8mb4_general_ci;
/*!40101 SET character_set_client = @saved_cs_client */;

--
-- Dumping data for table `categoria`
--

LOCK TABLES `categoria` WRITE;
/*!40000 ALTER TABLE `categoria` DISABLE KEYS */;
INSERT INTO `categoria` VALUES (1,'Sobremesa'),(2,'Entrada'),(3,'Prato Principal'),(4,'Bebida'),(5,'Salada'),(6,'Sobremesa'),(7,'Entrada'),(8,'Prato Principal'),(9,'Bebida'),(10,'Salada'),(11,'Lanche'),(12,'Sopa');
/*!40000 ALTER TABLE `categoria` ENABLE KEYS */;
UNLOCK TABLES;

--
-- Table structure for table `degustacao`
--

DROP TABLE IF EXISTS `degustacao`;
/*!40101 SET @saved_cs_client     = @@character_set_client */;
/*!50503 SET character_set_client = utf8mb4 */;
CREATE TABLE `degustacao` (
  `idDegustacao` int(11) NOT NULL AUTO_INCREMENT,
  `data_degustacao` date NOT NULL,
  `nota` decimal(3,1) NOT NULL,
  `degustadorFK` int(11) DEFAULT NULL,
  PRIMARY KEY (`idDegustacao`),
  KEY `degustadorFK` (`degustadorFK`),
  CONSTRAINT `degustacao_ibfk_1` FOREIGN KEY (`degustadorFK`) REFERENCES `funcionario` (`idFuncionario`)
) ENGINE=InnoDB AUTO_INCREMENT=4 DEFAULT CHARSET=utf8mb4 COLLATE=utf8mb4_general_ci;
/*!40101 SET character_set_client = @saved_cs_client */;

--
-- Dumping data for table `degustacao`
--

LOCK TABLES `degustacao` WRITE;
/*!40000 ALTER TABLE `degustacao` DISABLE KEYS */;
INSERT INTO `degustacao` VALUES (1,'2024-11-01',8.5,1),(2,'2024-11-02',7.0,2),(3,'2024-11-03',9.2,3);
/*!40000 ALTER TABLE `degustacao` ENABLE KEYS */;
UNLOCK TABLES;

--
-- Table structure for table `funcionario`
--

DROP TABLE IF EXISTS `funcionario`;
/*!40101 SET @saved_cs_client     = @@character_set_client */;
/*!50503 SET character_set_client = utf8mb4 */;
CREATE TABLE `funcionario` (
  `idFuncionario` int(11) NOT NULL AUTO_INCREMENT,
  `rg` varchar(15) NOT NULL,
  `nome` varchar(100) NOT NULL,
  `data_admissao` date NOT NULL,
  `salario` decimal(10,2) DEFAULT NULL,
  `FKcargo` int(11) DEFAULT NULL,
  PRIMARY KEY (`idFuncionario`),
  UNIQUE KEY `rg` (`rg`),
  KEY `FKcargo` (`FKcargo`),
  CONSTRAINT `funcionario_ibfk_1` FOREIGN KEY (`FKcargo`) REFERENCES `cargo` (`idCargo`)
) ENGINE=InnoDB AUTO_INCREMENT=21 DEFAULT CHARSET=utf8mb4 COLLATE=utf8mb4_general_ci;
/*!40101 SET character_set_client = @saved_cs_client */;

--
-- Dumping data for table `funcionario`
--

LOCK TABLES `funcionario` WRITE;
/*!40000 ALTER TABLE `funcionario` DISABLE KEYS */;
INSERT INTO `funcionario` VALUES (1,'','João da Silva','0000-00-00',NULL,NULL),(2,'123456789','Maria Silva','2022-03-15',3000.00,1),(3,'987654321','Carlos Pereira','2021-06-12',2500.00,2),(4,'456789123','Ana Costa','2023-01-20',1800.00,3),(17,'123456780','Maria Oliveira','2023-01-15',3000.00,1),(18,'123456781','José Santos','2023-02-10',2500.00,2),(19,'123456782','Ana Beatriz','2023-03-05',2800.00,1),(20,'123456783','Carlos Alberto','2023-04-20',2700.00,2);
/*!40000 ALTER TABLE `funcionario` ENABLE KEYS */;
UNLOCK TABLES;

--
-- Table structure for table `imagens`
--

DROP TABLE IF EXISTS `imagens`;
/*!40101 SET @saved_cs_client     = @@character_set_client */;
/*!50503 SET character_set_client = utf8mb4 */;
CREATE TABLE `imagens` (
  `id` int(11) NOT NULL AUTO_INCREMENT,
  `nome` varchar(255) NOT NULL,
  `tipo` varchar(50) NOT NULL,
  `tamanho` int(11) NOT NULL,
  `imagem` longblob NOT NULL,
  PRIMARY KEY (`id`)
) ENGINE=InnoDB AUTO_INCREMENT=2 DEFAULT CHARSET=utf8mb4 COLLATE=utf8mb4_general_ci;
/*!40101 SET character_set_client = @saved_cs_client */;

--
-- Dumping data for table `imagens`
--

LOCK TABLES `imagens` WRITE;
/*!40000 ALTER TABLE `imagens` DISABLE KEYS */;
INSERT INTO `imagens` VALUES (1,'fatia-de-bolo-de-chocolate-em-um-prato-preto_23-2148320821.avif','image/avif',67224,_binary '\0\0\0ftypavif\0\0\0\0avifmif1miaf\0\0\0\meta\0\0\0\0\0\0\0!hdlr\0\0\0\0\0\0\0\0pict\0\0\0\0\0\0\0\0\0\0\0\0\0\0\0\0pitm\0\0\0\0\0\0\0\0\"iloc\0\0\0\0D@\0\0\0\0\0\0\0\0\0\0\0\0\0\0\0#iinf\0\0\0\0\0\0\0\0infe\0\0\0\0\0\0av01\0\0\0\0jiprp\0\0\0Kipco\0\0\0colrnclx\0\0\r\0\0\0\0av1C\0\0\0\0ispe\0\0\0\0\0\0:\0\0:\0\0\0pixi\0\0\0\0\0\0\0ipma\0\0\0\0\0\0\0\0\0mdat\0\n\nfs\\Z\r2@A@ԄT\dbXt\\_#]\}4{d\\3\tyQge6\޾ZW\J\ȟ(g[?f)/qb&\rr\\C٪~?4]\z\\0D\\Tl\?8\ݜ\{n$.\1ڽ\\Q4>5UbݶJ\|6^\\p`6ޞ7W\rA\6oHV΀\&Z\nV}߶\~mXNc\q\4\Z4I\7\\SDi\y\2<s%\Qhmh\ZrⰂOH/l\'Ϡ3!Ț\'\%\^\4\"69\E\=Ȼ9k\\'*\e1{<O\Z\F\\"\;\Vh|7\\ɛFdO=tM\2˜~C\=u(E@l\\\Z\ɼÌtiA\"8Kut\\H~5hy@HRˤS=/W\Oկt\³\aNL\'>gAvd\7(LAp\J%+k\riW\DHq\\ͳ\={Q/S\Z\ro\sOxtH\cf^\0򬸼\r\L{a@\'\d_\n1qjX\8}[v\\\z\\fX\\"\$O\n]6\\{hV\\q!\ @r\"t=3U\ƃ)f6\\Ze\t\o\\HW΀dE\\Z3!\\-aZaqQ^\n\\\\A\\\s*ʒ3\;W]M#Δ	f\ru94`\'Jfp\+:\0l\Z`\ժE%܄mB.\0+,#A-4m,5\\zs\VJ\D\\\ՄbW4@SWޢg+G\\X\6!\\\*\uLOrX}\\'bl[<\R}Fv\E\\I\]gCd\zA \Q3j	-\\\jw\ǒ,>Ќځ>dD\+b+\\\\.\\\?le۝{\[\\P2p3JP(҄\\k\Kzu$|LSjtp0;\9ih_\[{,T\\\ss)efAT\$?eqߓ\e\ZZH]\򁜯8\\14\\\LZ\\,Ce`\W\N\$qr\8CU1\\9j/,N	I\\Z\\\Dzq-2\Zb\\9LAuۢ8#Χ\U\Lo\aڡC.ƴ,\'\\\knQ?1T2؆\3#90x[![?\\zDgj\zZP\oV4X\/	\\\h-\E\0\Vq`\/\\2/2\,\n\0@l\`r7x\\ߕ$o^o\\x\{\X\0\rN1I	\\\^&G\Sq\ɳ\\0ST\KèĞ\\ MoXӁ\WF|\9S{(\\R\<\\Q}\\\v\'TqzԸR\N@sGA?T\E\eC\E\\Zv-\JWх\2%\`\T\$8NЕ{{ \Y4i\(Vy\7\3Q!5VȢKҜ\=\\Q\rQO\\qwIny\\?\z\r2\A\r-\Zܩx@aI):!cKyD\ԑ\Gw\\\\\݋ul\0]=E\O\'d\0\Շ6\Z&.F\k\mU\7I\=ע\s\\UI\V\35\NL<r\%\\P\\n\mz\9e\0 i;\џK\Z鑾r\R!μ\i\"4Yy:\<v\XJńje\\j){\\\nZrI\\0m{\S\\Q5#\*s>\~\\n\$\&F4Oo\0Mh\\\\a\Òi\Oް\0B˾0QU/ÿ\=2ǕO c\n\n\\v\0\4e\\\MwX\AwHt\\\r<+4Dv\rTb/\j)\R)\#\\\q?Ec\1qYԠW/$[࿰;\i(\_MY}om\ni\'\;0x\'MrSl\b/d6ld\vo\8&\n{ی!(\\yI\b)w\\V\c\|\\#a\Z\\ZY\)n)>V頾X\fT26d\\"U=\	\\FYo;\](ZU\f\v\\Y=Gkv\\UZ\yZ~\\$oC\0\ztBl\Jy\'ڸ`酩f\	\'ЮnЄur\~\\lF\I\'\\\Z\"ƼxR]\\\tn-\C\\#\'NT<\nV\\i;Ga\Y\\Ò!}E`\Dv(췤ó Q\\\8w~LY\gEy\2\Z{\ˤ\0\\ӢJ)ևU\ѡ\Lxt\v1b[;l\nͥ\u\nqm\>D\)\\P\nN]Fj®«w%9\\dQmX$-f=\3)\3X\"Ãgo<1O\lb\Z1\gYc\\\=\ѤHP\'\_\\z\KɵOZNִ\j\vCS8\~\4jh*Oh\\\f=@\ʰv[\n}nUpQ<ȏ6 \};濗L\Ke׈\\{F\\>\w\,n\Z+y#8\\z\\7\\\ \+\\HRe(\,pJM/\\ZI]ёa\n\6t\F\\\OgXi\7\4\\\nt?*eA,\\E\\\6a\ {/|1+o52\&9s\\?Ä{!:tǗ\+OA\\{w{y\z\D5捽H\5#OX|ñV~]:ԃ\[X\'%Nvw\-\uw\Lq\\g!\\%g\ni\\\OEjt)%6\V\{O\\~pw{\%-zr&\(\N\{؝\'_\Ï\I{ST\2\5¬?.\K-C\L:\\\\,&=]\rr\'iI\8 \gIܗo\J\7<:x\p4ޱ`B\z\O`H茬q\tpIVI\\r\\2Lp]O\!\r\j¾/}d(\̀Ε\Su\̪	tϱ\e7\\i\j{\J$H٦C#iAs\j\.\ݏ\Dd\Pm=\'Ж\Eb\\_Yf\F1p\!QImR\q[\\Wj\d^byޮp>fYh(\8BimL\\jͺ_&+6ݾ\	\\g5J\\(\\yF#\'?\M\_(iֶQ\ā\8 <գ\\\=p<K?}0_\\\\C8\'>%ʥ\\\\\\n\\\zAhv& \JY\s\\$jT}\0J\\Ȗ^s )\\\:[@\=fARŽd$4Tb:\K&\u\0\\gT(NR\:\\_ξ{.\٨Ue\\x	\\S\\цC\uG?\O$\\fd{\~\v(\m\\\1ac 6]B?HcH\Z}ݑK\m&p6\\\.\"\5L	\\S\؂o}\\뿂K\Dȼ<Gru^N\0\0\\\rsS\i\\>:\̟\\c {SŌ\n(\H-Je<S4\\㽊&wB\\"Y\\6.0^tՂ\:2MS\\\.\y\k)_\\E{ʗc\Q̃-,*\ZJzL\;)ޅӒ+AatAf\SoᵿK!o\\2\\W\\lgLq-?\0\0,\\rr\o:d\Ze\8\dW\\	\R/;c +@dn7\#V]V\\ݞ$..F9\\\Ǡh)2\\}\\g\\A\\\\{\\]á\\wezכv\\')͎\_t\'\n\P\\<\Iy\9+5H\Rv|̡/1@&\d\)t\gHŨu\\\0p\rf?\&F,\!;Mor<4AGG@̀\|Me\*\\\\7W\#\n\\iԯ\'\8{:F\\q1\Z@+O\Kg-$`yi\ҥgwS « {}vG\2\{\\r!LIX\\`\L\߻X=)5=\7f[\,a9Rۺc΀?U\m\\+\\M\0ms\W\s\_\r\\\\=$ *SYt\Z\(2\\\ͨ\7\+\-yr\\\h||Jb\w\鯲Tx(c,9`&\Nj\- ~\G\\z\إ $}N\Uv\"A\W\Q\AA\\\F%/5S7_I\X\ZK\\0QtWNQl 臂ǩ>\׳MQ$	nByO\s	\l3:{kQ:\KO#ۄY;\	\'\Z\;!\O؜^\Wj<`K?(t` U\\ b*\5W\0}I\VhCg\D\+\&\\\Q\\Dcخ\s\\0\c/m\:t .\vU]GB=\JT\\\Z\nI\UKqck[\n{pvM n\_0iZ\\\v+$k{\w~A\\\kJ\F\3Rs\}`V\\P\$bty\N\'KP:SGL-/a8{X>\\	\WX7L\CQ\f\\Ԩ2q\q6eT_\uQ\e)IB\Q\R}!\\ H\\FCQ]ݑ\\\RK\C{؅ǭKZ$\:\\¸\́f/+{Mem\aQL\\ng\o*}kT:`\`TTW\EҰ˕\\\zܨ\'V~Հja\Y3\7\jڱtxr\tH,\W ̬#)wi\~_7$We\Kh\U\\Ss\=5MN1@s2X\\\r\\'\\<({Sw\~\1!\x\\-H\I\R2\^\D۰\\\z\z;vj:?U\D\05YyĉuT\;d\\|\\yR\Fm\%)&[7\\?,hlJˣ1\pk\rC6X\\[p`:x\R\::\n\2\tY*\H#ef\E\2YL\\\T6~\4\\0\\\]&[\oQ\1\ڈIc,g\']q\𩤺ķo/,6[n\Z5\\\n\0[U/eyא\YV\̀W\\`\y\\\VBRf\\l8h\2\8\Jtqiy\\D*?\@^P%dF:\\\-\\\EC\0\+P;\C#a\rA\M\*K$ud_\'\P\%\䔹H\\S\"\O!}ר\b̻\\";CX\II5\\t\\h2\!π\Z{\\͂cS7qR\nDv		\(fژǖ$Kcaj>>裮8qqk\\6T23U-R\\	2mK\<xч	Fk\\6W\\hf\c\h	/d&G\Zp\\OET	],\\0[Pr-\\\<e\/\)Wy]\%\n~\\\\ْ6`*{m.\N\A3+5c|aKd\EC<^7n&[\s(\8\\\\\\#Y[\-4M\DFyMT{\\lїw \\fy*g!	փ\A\P\3*\7\<\\tej7p\\Z\>\cJîcw\c\tEgQ|K\ @\\/R\>;#y8;rc\#\\^6\"\'/ӊ2 W6z8\n\\ZBi	\rn#6\#\'1mz\\bnԤе\)`!_N Jey\7\lQS\\G@Lbޜ\\\E#<ݤʺC\{iy#7~XjfIO`0B߉yh 9\\\:ػ\V\SΜ\\r8Hh@zWm\}T\B95\\o[\\*:r\aa\H\\^VbX  #$e*]A]\"KQɞX\=1Y\6Hi0>3P{]-)f1!zI\\\H>%ur:\lk\\\Et<6\\Zc\hӦȃOX\n \\91W&:\\~Ly.d	Vb\y7\NR#\F:WKq\w6\ت\\a(\>>\dasG4#w\]hݑ\\^L갩\\1\F$t\\w.\&k,\Ђ\Ɍ\\$\nAu\\ЧGg\FkhZTIv`/\A$lz#\W\!ig#qpS\S\~v4\:\\n֪\\rE[BcT?r:d%\"-\lK\q7\\\ZO>n\\9KeU ț\ A\Z\\'%xt0wH\\ߕ=\\\"Q;\\بJ|\b\\\m65\@$G(&7\\'h}\\x\n]0\%\\nB%W?	hT\\'Jkw\\Z\TE[),3_z(5xVi\ov?<x>\\B%* ҈\U\r`\\-\\rHQy*_N\] b\9L+zm\"6bp\0g1hۓ&\OV\@\f\k;\"\n6I\Z,\蟮\\40\(1%\:\\j[\x\yy\L\GS\ٟlrL49\Sg=I\(=@{ˢ=+mh\X\"\\\.A,\*c\r1\47\]\\\Sf@{\\1Oa(zz\z=G\|^\^F\xDYЏ}ޠ\>\.u\!\\f\䞐j\\:X.BWPM\\0ͶՆX̹}q\&%e\Eq\\\r\\"5%V^z&\AM$3lXn0?B(R\g)oK\0\-\.\r\e10vU+l	\|A\\\nOI\ZQTrgV؇\|ܯ6\\\>aij_14Q4튎9Ht!\ZEP&_qݥ2J̖;P#6>G}1LH^u\\\\C\nz\"Zy,\Sz^\~s\$c\r\\@\b\\SsjŶ\\"\Wt&E5\\|@\0\"\\0ئADT檷$\TnYK\e7B>X#\ԝ\~\!BIr\\Z\TP(0\\ZUVaq\\h屻wy\\\\\\\\\\y#)`%\UX/?ީe\ٞ\b\'\;\\\ZGg3\*Ďg۟mvx\r@9D\n\\G\S\\\\0k\gj@sI\\\\"\0):Y)9xFв\N\~YX\\Z\oK.*31\]\\n3Ue(C\PrQ+Tb*lG/ʽwNﺗh^f\h#\\\\4\-\\k\\n(jQS\;d\i\\RͩfV9&[#C\\\t\4!quNpB~(e\ŲM-ٰ\xɳr\'KHn\h:Ͱ\0Fŀ.iZM֙7q&.hhT\[Kך\Zc3\rx\N<f\R\\+1޻#\(6C#f\\\-@0\\b\\NāU\w\9a:J\\\B?IDzgP8֨$\A(\%ge7\o@vIW\\,Rg$JVY\?M`OK1\\c/\p\:\EON\\"_6V\\F9\e\ F ϽiM`J$%3b$f130j~^{ܐɺ2\~=APn3G%K\\3(\Zkp@\j\~W\g2wի\Dro3\~1llO\"\]	OA\NOo\Xz\e]fEqK\\nH=B\\hZV~TIڬ~]H:\\\m3\U\0\s\a\\}\p\8\\􍦠)\1QeҍAIE~9\r\\ͰǎL#\{b+ԡXd3삸y\+\|t\Z\)ʸ\\\"\\<S\Q9>L\rG{\rG\\ГPL\\\e\\6\pk\n&\0Ӹү=\md\o^\y7m-(.(MmtmL*\^N\|\\Dt\|W$GPG3\2\VԶ\s^j*Fm\\a4t	\ص,V\\(\7$EEcea-\\4\[\\yi!*	\ZrpLT-U-\\UmC\\6v*.oc**N\\t\r\\5b\\j\'?ı\y\\\fo\0y/dzbtW%3b\^\^f-Οp\\\x 3\n1c\\\+~Pю\\F4Y6eq\ATO\~\~.\V\ P\qk9\n\.As{E\\4#	Qk\n*v\|\	8x\.W\\$#q\I|4ЅY\\Xr\i\0\\\<,.W\@,!bHTR\!\`\nUֹ.2~F\vBn5\\\Iլq\=[\*	\F\\\>聁`RYKV8\\doy,\\pHq͂î\0\j\=ᬞvy\@ݼ~)\nXGNx\=\rM؝Z:.˓XWP\4fo\"\+8\0k|UOFr.\ի*\A\ѐ[;	\K7{.\ZM\'|ꎅ5-C\यa\|\\\=\%~t \n\\o\)c\lV\ؙO\ 5u\l\NB\0﫹\0\^\\r[\\En:*+@\\@\ܘY\SC\~lBK\"\͵\\n`4\0b\{z\\'V~4E#~ʤQԇ>\$4@Pًu\\մ7\!\0:\nGAu*FP\,ep̟\4Ʈ<\"\\NpZMp;@\p\'=]\\\G>#\/ (\\\_Mx撛0\\\W\\ri\\\g\n\j.A\\\3\K6\\S#O	H\\Zv@\J\\<H\|\7\\₌ %1\2\CkRa\U3Sf_.^=\'\c񟉨\a0\\#\\\iF/Q\\aw\j#\"\լ\Zbr&\\\0\/\a\eva\j1{G\:܏\\HE\؏b윌\t;ܽY[\ZA\?بɌùOPGG\_\Y94\\o\	i@]*E=tH!y\ɂr{\\4N%\\	`6o\O%R F>e<EN\\\l`\rL0\Q\\Q\\ǚsvȊI\%$\琔HGX@0\\1,lD\VEJH\O\0\}U+ůj4n\1<P$g(̃A\H\j\Zl\nVEN\uMniTŐۛb\\R-4\p\ԚAS\pY)\og}^#\\=Qt\.\7@\q_vTq/](\b?j\\y~0\$s\\;vNV(_պ0Az$A?g_a\gj\mpk\7I]&>Op\!IWPo9\g;\:Ww0\\\\n\JV\\DW\:F\y\.*\T:=	/B\=\\\Éw8\Q	\^\r\\Z\\\\\\tآKy\]q)IR}\\\\\\F H\^Otӓ1KWH1hjcoO 帚#\\;\Z\\Us\b!~\]q<4;wm6\iC\Zus| F\>\<p\I^>\;H\"N\\H¯\')\oCWV\ϵV*BO\\ZǬ7\fI#c:N\7zk\C\nk?\C\r\rPWn 3#3ň\U\\G\5\{f\\\ls]v7.\߸^/|܁w3I\\Ogl7&s*7G<\Bb\#\I4Œ\\I*b\0ԉmps\0\XI_-\\u:l4\\m9g±\w\O\\^\8TK)5\7\r}QB\\IO\h\G[h(\9e56\H?Q|\o\ZBT\h\\\\\ñ1Aj&%eX=:ޑ\\.b\Ύ\\S\\&\p8C>o!a٭g\\0r5&M\ܝ,kO\"\ZSs1.	ЂdH\\ka3qԀw]I\eS\g\dPyݣy\0v\t\̮..o	\&:Xe ԝhK\\\"u>-\\OŠq95pB\Km\\2\\?L	uK.y\̻:V\7\~\\4.7N%\B\\%Îc\Akw\H\ی\K\\1\`}\Os\Ϡ7XEl?BˊU:t\\<[\r\x\44oY\\OA{l}=\E\:)Dh)M۵\\׹윛_\p\)\4#\1h\\MT\ʦ\'%\T*m\\rgu\FL\\\TX\(\\w5%\k=h\\Lz\8\\쵁T=\\P\\\o\-$.\'\)`V\FgM4Ju\7 \s9\\G:MaOW\I\0cS\7>n\c!\\"5M+m<Yhf \<\!A׿NKۘ\&9W-rM8\;\\s\H\_r\\L)X7m\\]mt\²IchK)\;TKuI3<\n(I/\0b۵Ww\\`\\nHJMX}\h!\n:tx\>+QXN\n\̰(5S$d\\\87Dc\_!;($́VFKD\\\%[\\/I\12\ӓ\M\0\X\?-r\nP	\|]r\ft&uTw@\8\Ҙ\g\ncħ\I#\\ҍ\nCϏ$\p\~P벵\.alu\\\\Cc0\n\0y\rs\<s	\Q@;\<zlѥZH\\1T\\D]<j\ᰶ\)\nb\0i\iP7O\'\})TH\m\i\\iKa2\!ch\bk ej\E1ܽ0\i::Cus\\\j\]-nZ$)\Wc\Zd\m\\0A\0	_\\\`vQ\\֑C]!Y\{\\ MDqQ\+#_>8hwj7ꄛ	C7iYW!4K,v{ә\0\P[\n\\)M2AjЅ.&\.\nH\\X\\D;-\}gZU?S3\\"sP\r\"%\)\\\&z(\'\u6F`\vw^՗?l\ΧR0	FN5<#\ma&?Ԫ\_\쥗_\DQDuHE\I\\!\\ \Sr4dcz٦\Ф7?=ˤB!\\n\0\M޾X8O\7%D\Y\l\\0x]T\Lɩ\}g\sQ˝`\\"\G\'\\r`h~ϯ9\k\Z\uC\6S;/U\xdΔuGI\67>\.\\ߎy\'\\@״Wa\\C\V\=\\2\,\_\\'jIҗ,ͅ(O6(\n|\Q\XԖQ\YyeL\\0\II1WJ\\5:-KQ\\ͫz,\	xq\CsLu\"bPq|֒0a\.c\r\\I nz[\dr\r\V+IOm\ܾU\҃\~f\\nQL\\\\X\\޵m6֞_¤	k\N\\{1A\\\(e 0\.\c;\!\\{E@DI\Z\"\\ͽ_#\b\dc(Vvuc\}z!߾^+\UDswEւPϔ\\i\bξ\.aj\0dF-,<UϙT\\\L\"u}?Ϙ9^\Mo\:\'YSq*]$Hrf\\\@\Ƹ\s\`1wLf\n? [zp\U|?E\f:\\Mi\Ak[ӁȒr\Y\P`C혉7d/ҥ^\G:`\;\MB\|0\.\w(\0q\+8F\{~Tjc0vZ3\\'Dy\V5o\ݶ\d>\%\ō61ܥR\\L\\s\\h\r\\wX\3G<r\\'`ߒT*Yyhأ\\X<2[\\jù\'\6,LYegqC(7H\*ci\\>\0\$\\rx\eh\\p@\\${^\L}vvs\\\rو_r4J\\\\|v)-\\r7Ȃ?B6\Z\'7\\'wa\\\gnxbIPZg\!o\\U\@s\ŶI.](\@Kuh95ua5ړ2Bm\\\F~N8\\\SZ\D\/ O\f\C\\Z[~Y$?3\Z\\/mb0\|\n*\hRL}v\\\\lF2xm\b\0nB\n\q4CI(Cn{wW\\\8OCR\IǃS(C\0 \?\xw\\Z\3Y9г\p\\'Û\]z#\\`͙P\^!!d\\~\1N\'EK\\"\'\\A$\/\a@a\X\xo\Z	\\\0#__gGI\3\\Z}!\\\"6AK( \\`3\Pħu\?\"a%v:{:ߊ\fy\.\ZHU`僋Th\	Ql\ \nXU\<\\\`ϨoJ:Eny$\\(Sm1?\\@IJG\C~ \\\ϺA_\g\R{[N&\\\Z?|Y1*ʮny8\"w\Hc0-^5J쌾\\\\3)̸x|׏\"\˒LH6Wo(Dic\YBɜπOG,h~\k,DX^mx\ۉ\\\qSh\8E:pAY\ฯP_25\\O0orWjwwU\\r}(\/\\r\ZtZ?p7ߐP%;\\\ˉ\1\,$1\A\\&\K2:\	P:ow|l\\DO&$iPnC\F²{-\"\K\0iٖ\u;\aI@7ulXb</LAWu\F\#>\otO`\\so\\G\\zl!]b\v;Vrp\Sy*#\\!ʲvWFܼ\v}\\,|\\l\A\Z1`uvŋ|hAv\\Zo@\C:\r)Zk\nZ\'JzulBAd\]SMoŋ/,{`O\\G\\I\\\\<ћf\\ZeoT-\"\R0\3L6#f\gU}ƶ$ݐ\3٢\؀d=\nI\Q7\n\tNl#.k}\ZINwU	\JIGgC\-f`ڌh2A\\\Hgղ 㒋NP9ﲝ\\@wD\'\GT\	J$!z\ڞ$~Q\n\~\{?\ձ\\IlK^P\v\D\`\o{6eRt\rku;2p\`~i\Rv/f0G<)8C\PB\xAceNx\Zю\z\	KzK\\b(8e\!ZT\x\wc\\Dݬh\57Hk7w\l~\\(\Z\\"@MqX\")I=7\\\\\s\}\\\\Z\k\#\a\ڍh\uSI!|\H$\T\{Z	\n<-i]\0\\\\r-\y6\8{Arjw\C\UiJ\n\\ا^\#;/6$\Z\?9z{\$vxv(7hWABy\8~F.\S\.1.fln\z\\rq\\u\Zm=9t,״T\\m-Fk\\Kv=H\q\r8x8o̚\f\L\'\n98\C\!N~v1ȥ;g\'m~eH{s[/\|\.\M\"q\X\\\D\7b_j4A\\\b5SAw]\C\rOer\v\t4&\>R\fD\F\r\}\_6\ZNR\\\i[I]8X\ph#˒R&\ZЏhLw*\5\;bކoc?(1\W~ߩ./\h}1У(\gOC|k\'\Ҫ\\u$ہte\\Jx\L\v\\@iy\0#\\G\\\V\\Zkg\\";\'Ɔ\0=@=r\H\+ Hֽ5\\$/Ob-ҁ\I|%9Z\Yz4s,̓#]\\AYy>MMaT\\-\0z:̀N <7QȪ\0]*2PT;\\.k3P;m\	TiG(\.A@p{<\SQ!TX\0^\RҜbS\_\\{QMEvH-Y`*fd\6΅RPF%k1Qv1tyRS\1D\:EϤ\'6ۼ΢&54^\#qcx\"(_P.S\oZ\"}M4:\rcӍ!HY\"*\f\\N]\]\4\	\N}m鎑G\]\\>\O+{\@q|yܯV\nzhC\"B%C5\%\ZJFǝ\U\$;\\\ꔿƊ\Nb?L\7K\0+\\Pm/:X\\k\Yf/1Pkij%K,8\]\*)\rc|y5(秺[\Z\|)\\r\\G\&$˃\\P\'~\re\?eD\"lW\0Akv\\+ri\\a!W\\\XE\v\,\\Z#\n?\ۏu\r\\\\N\Z\a6kL\VXKZľ5*\%N\=\xȅ\G6#u\7LFT \Z\W81J\\p\.za7\.rq\n.f\ь\\f\\,fV\\ڵ \&iS[\0;Cs|U4R]:P/\Q\-5\\{ER\rh\)bRʭH\r?\U\\\I\Nَ>\q\=ƣR},\V;\\]\Z\0ȵ>\8\EQ\\\}wz#@GX\&M\tf+}:`J[fhtbl\"j\"\Zr\\KQ=\\̴\2\5q;\*\(wg>\Z%/=Nb\P\\\zZ]#4\=ee1\Ƴ\.\,\\\k1\\n3f%n\-\\r \\00:\\\2EY\\CtA\M\d\\Yc\\\9\\m\b\Yzſp\\'n\!y~hzEj\qEj\\\Q\\0ި.iҬ\ywBڜ\rq<V\\'j\\\_/N@ܖ/d\a_\\ܸ\-?Ӗ\\\!Dݖ\\r\\^s\2$\\\<\%\\^5,\'EA7xH\t&k\\k:=p\"\ْ.>\n)\6\\\!\\@\;\C\\`,/C2|T\7\05\\1\I\\'\&\N\\\<lx\?\jjTʻAƕ4ވN@\rƦdP\	Ƥڠ&%dL_\\\샛ː~%w=\F\OYG{\Eh@siٺ+\nڴ\]o\g$#2\%\I΁f\P׏\i^\w-=R\\\Z\K8\Z\r\'V\@\rh99\ة\h\ZLυ\\A@&pf\\	:z95[ߛ,\\﨔\	\\mcYalDRCxIX\,\\^gZ\9\\0\n*0\Q\W:\m\"4\\5ʅeQͪ\Z,\\rn\\\\sXEu-\\\ܨYs\;(:޲#2%گ@W\'\\c\aU\QB\\y$%\u0\'x\WvO\\\u9i@ >3\|\\y\\bڠ72h\\B*ϥuI \D\p^>/,	,o\'\B\|{Y\~N\a\y/\\/?J\\|7߃Oe^*cD7c4N\\A|X+\n\}W׊<jV\\|\B]̬eQ\E\\~GLU\&0\3&N,Ĭ;L\}\\QƺݍTl\ǅ ; \7$\\\uvKX\1Oc\z,\Q!WԠ\]K:m=U$=$\04^\	\.\v?d&\P9؆/\\l\p\r\uk\H/;3\9\MiIUoSo{K\{\7`h2[\ \\_KhB^n\\7\KK^35oG;\kփe\pH0z\\"\nƂ5H3*-l;u\$l}xM\\\"(Ӊ򫉖\\Y\N@(\rᬾVBfS0?jBL?\*yt -Ag\+\{Y\T>iM\?Rx\&p)ۭ$L(\&\H\	yK\\\:G\+=\A-1wr\\>H\$s;C u!f-b\ho^\oS;\DK\18b\|1*Tw*\\"(Pi΅\ZX2VLciQ\=\\U\9\S>ԅ˓:Rf$\gͽ\\4ƕ`њ \uf+=.\\Z^=[vnZ]\tu\0?oG?&.\r\Zj*.w\	\n\\s7\\:u-\\t\Eo+\\Hq\3\SgI6\\a*k dm3H%Y(Yt!nq\!\r7&\=!rm\nUoR\":4\\U$MsT#)i2m\\'Y\\H\و\\\O2_F%l]\':`V\n&\+j\\C~\m-\J\B_\՜}Ɓuo\.\,1?dNK7 *\"4\f)\0:\nњOIz38\"3L{\ZU\]E\ƭ}\7\'\\\6\r.R\kd%PCK	\=w0\;b\ǩkoZ-E\b~=:ʗx-\N+\p֔%\\\7[Z	uc2b?NR/\2\0\L\'8l\mmǈ3\[yկ<?b`|}-%\\gE4T2XEk$hU,\1U\n\0\r\\\JTq`hH\"^)[Ɛi1\+4ѲF\c\^Fģ\nG_3#\'\\\ʷ\\\ֱw\V}\\\;\Qn\\fPF\\J=9\b\Ε\Z\t:\\\%1HnûX\c\\Zt \\c&X \_Ҍ\\F\`@Q:7VFAlYT!\0պ\\Ӏ.\\\\N!Ǉ\x]	U0Vʏ\Z\\rvQh\Z1$qV\r}zpx\\".zk1\p\\r\j\T\Ҙ\\'2z\k4>ލ>C/p+\q2tJ\=9vP\Ef\!mLr/Җ/ \K\sՍ?BRB+\O\cV\!s[^$F\\gxA/_s@\6\r\Tƿ$!>\@y%e0\lfyn}_7UpI\\rp6xNeFq)\\;?G1Ҹ#&\\=77vj\ibv\۲0-`CIn+{q?2W!\jšrF\\\6\9Y(?*\\\RgQ~\#\F௨)27\u=\\"ev}gboJ䥒\z\GrS0ITf\M\0	5U\l\\1g\\+7k\?k16m*s\e.\z8CyQׁ\\\ǉ :F\Dծ\lxi\\p\?V\/\9\4.6l\ח|LMV#Z7\f,%\=\8{\\r.Q\z\rՏ$\"lOur<c;*\T\)\\ZC@O=9H`D׮\:od\\T!\E\`8\';v\~u<gV:E\O2w\|U>z%.BȤ\0\MKd\h\%_d4;g;BY^s攓R\yeu\a\r\|c7ZcLK8\\sVJ?1䅽\CVnS\>n(\Ij+F\ZS/Fz?\Ǧ\Oq\[rϸB^_%m}iY\Ϣ\B?\>T<l\\\\W\	?ħ94^`V\9@\/\\;E\Z`1\\\2}yRm0;\GT+\[)Ssj\`UY5=\\-\\Y\\r\e瞺\D\"^CĄRl6A\I\\&\s\#\'\\\\\'\"WD\\ZJ\\eYBBWq\\}&NS35\iaƎ7\_x\5$?Eߢ2N\Pp=X)]U:lABhׯdȟѴ\b(KE\Z\^J\5\Jpu,POL\\7B\gHʟR^$\\L8l\#v\)#kY[P\\\v7~!:,\\ts\\\\"5\\\\ZX\`	\r\laa\oMڭ`p^JLQX\8P\={Z5N(c>\)QsD\\\7\\Z\\\`tKˇX)[x1t.u6:{#XK!(\Mj$r.\KE\N\\U\l\(N\gB띉c\4rO \"\\I\KM{{ae*H)Ojw$h\d\F}}pEYr\\7q\]$\Q,JR6\\\\O\M2\ZZGjDKn\\\_\^cBq\\5ʺ\\/u\W\BFm^N\e\\>C+\=2ev\\n\\nR\+!\-\\\\\ҭ??*ADg\\`ɭ\li\\p`\m\\\*ؑ\kl\0[rV\R+bkT\fh١剔\Mf4J\g_6d\Р(\m&O^\˄(y\rLj@O	ǫţG\\\G\\<ھVV\܁]\"0/a\~\iG\/lm3\*?x\$Iw\XS\]wd({DW\J0\ij\(m\t˦\)\AO1)nۭR쁔<a\\G>\bFKΤ\\\Z&\18X(LېQs\B)=|\0KIt\\Qć\n,\u\\z\0+e?5[5R\:tk?\;RhO:w\Qd\\\ׅ?R\r\^(8\tծ\Lަ6Y!]nH\wA+%Yp>\ن5+K\Z%i\1{\Bb\{\'J\\ł\݆\ˊ\\>\i9Y\q\ޚ\00%%^`NctsHa>\\wV.NB\ۂkՠXcV\(F\Z\Sت\I\\';g\yT\\\C\03/\\(\}\C&AU,WSR0krOͥ27hы\Wи$Rq@\n :\.n%YT\rYВm:w{v\l-b{y|`\-/\5Ae:B\l\\}\Eyg5\n\\	ح\\A\jwD\\च4\څeX#\=\܍\\V\NV)3w\\\9,\;\\nFԙXN0?:\c\ʡx\7z\c\g[\m\^cA\H`h\)=R~\f\\ip\]-r\Q#ۃ~\\\\0x>%/w\9(O%Hb@`\\\dD6rj2%|\g\\j\\{^qMTb\ې,äGI-sn\\NPUeaG\!\bzf\i b-d\if\-Ў\\\+To*P\,rbC\\0\Uĭ@*\k|m&\\c%&iL#֬7\q@T\0x}t*zRՓ\TiP\'-=Z8̉\PZ\0E*\JuK ߳\!οTkQ0Eeƚ`d,Kj\D$:{@`PܳIb\\@\vM\`(\\\&eWo\#\]&k\Ep\\/\9\P|<\{d\\"\ %r^\\+\t\%\3\\M\%jE\\@)@A\i$(t$Fq\'D-\\5͌NaM~dSv_27h	9\֠]绂\=f09\\r7\7B9Omm{\ܜ\|qK\\R\޶\tlp\\t\F2\b9\^rzq~\ƥ{Dz\f\3\pdZ\\\\\3N\Zf\\0H< \5\\	>lʝEe|vk\P\wUl\tO\r2J\G\\'<\0\q3X sHz5%\}\w\-v5a]\KՕ`\I[\ݾZ\`H]Qi5\\\\@,o\?\ˎa54o\b\\\\"ml[	)\\(d\\r4FA}&{D\n\l3\H!.o\g\y$\~y\\t\\l\mӋ\\f362.d\\h\".蚙\y\6\\;\VJ\\zT,rY\r[L$\Z4\tkp\\D\@\U{\&\N\0M\@UT\~\)F)z\\νuι\VS2\~)Y?Eg|0\\\q\K?:j=~i/1WzB1K\'\>HD1M\\Sa\7DW+\\\\0zHeyx0\],\NY\e\T?vib\5\\\0\O\\0aM\Zưީ\\\\\\l]Bd\0Ҹ30D\\/-,b+\\?\?\KOlD\:Kz<\\\"h9ML\\iJ\"3k\\\Ӌ=Q\\I;\&qU\ܓLh\[\Zx?]r\\y,[\\\\\B\8:gg\\~	\\9!\\\nt\3`i|j?R9\r\\2EgL\\kuf\;mC\KDa\\\0\Q5\e\,\\\"\\t(\\\[Uu\1)X *m\9\n\5v!5\t]\"s߳}\O\|\~\*TȌA\\\\`\\9M)ɉ\\ڕ	\"Ĝbp\@/	4m\\O\/t@[TU]\0IOcw_\8c\fGJ9\\\e\SAבq~\C1\n{j\\S\p\OkH<Z\.XYCIHAwn$},\"\6)8qk\\\\\$\a{(N+ ḓR>\#eO\\J3\xC\Ϫ\c\b\re\\n\B.\=G\\^<{]@(^\r\ň-NC\b\T\ҵY^~b\@	\\I3\4({(#\`A!H\\'\G%\_7Ū\\t\\\;?O\^MTߒ@X:bRP؅\Kc79O3C2-2Q}}\v\޺Ł\\\`b\T{!>}膖3Dar\'5GM	\\\\\6\\ĐIl\\\\Z\9_ۤ\\UHM#.`q\S\4+\(\=1O;LfòA\}}>ʪ\K=ɖU\\n0A$\\v\fb\Ḫz\>\\\6\	yYV\\`Q\\I\\%>Qij/\W\y\vh\b)MTDC\CpLL\0/`b׽\)WE tO\L1chdo\P\h\n\\\w}=\;\'xOh0)\HiLͮ\O\_\PY\\r7\\OK\|y\\ܺg\8)a_V}\/1ҘӃ\&\\\nq-\\7Eb|	\'N\\\+\ش:RYN!\D`<\[T\q=B*\!\(\|tj6\ګ;+#e\\f\\O42l\؜q\T=!@\ŝ4ޥh\p0\B\\<cZ*\0Kh$\j]@+WtLQ\k\A/Z4\8mxVY\\ww	<!\\v730DT uG\y\hg_\0A4L}yg@`+7D}\XnF4xҝo\v\\C\DK]nZ:\LGǓɸ\Z/\\Ʋ\FP\'Ah\޵(\aٸ#ja~SfC_jm\<\|\8YXkH\0+tc_x\ԃc\(6`\j6\c؛\O2\\\$H`jp\"\\z\ء\*\\4\\\\tv?s\.t\n4\\nY\6\?t<{HE)lHe.}\5mK\v!45\\f+_ԝ] \\\\\\*n,\x5\\L\R[U\7f\na:C\\r˰ k~\\RJdZv	P\\'H)k,ndz>]~6~\nm\\j04\>Zt\boD\n9\nZ[\\?\\*\\\9-{|i=vdc90ܘ>W~0	d\D\y)5le\MB\\@X\>(NGQ\3\&C/wt\Q<K\[_\9ӤK©3\T$^Lߎ%Ŋt}L\n\"lSs\۰\\H\Q\\SAj_H-Su-	~\\\H,-~ǟpJ\\U`uM\rZD/jL9U_--L\\`\S=?׏\$\.c]1\\'u4K\0s\}a\oO1A\\\\mm\'V2VKy\\?\@{\d2Y2਽s,}׹`d\ێ׮\{gZx\N6͞\\Y\Ze:\(\p,{\n\n}*uT#I/ \@\\"S/\/\\*\r\!-\Wr\;\5\e7w3AJ>\(>\;\n\M>E\/#W\o\&jN\\\1S\q\>ĵ\hSθ0Km\\W\3\\KBA\w\\\_OCn\A\'^\\,\m\4_勏wڇ\ֿjڅ(\\'\"CuDt\\ATѸ~ZSul1+\9[\\0}ze_*!)n~h\\a\GK	\\~>\\\N!\\e\\rtf\7\-?ySDl\\>ׂ(v\>$p6?R\\9g\G.W	8\R*i\\"ς\ф~oȷ5PU\p\U8	Zl\%2|]:1\\C=\\\\k\L-_\5$e<[d\!\0&\\\#J01v\]ɉٽe\(\\>YУ\\<ALo\M\\vҨU>_װM\\Oo\={83\<kj\{\,{\ zΆFǣ\\2S\]\aHC\\v\6lY1$AkE,\\5uMDB2\\n\HKt\dU=[\0ҮD\\0=\.羊\r\"\\\Hpqa?ޗuRx\s0CKnd\\=z\85T\DF}|ɓO\\s@D).y¾\nN\\"u\Us\Aal\n*\n?]n\*\\ZPc>z\T\\	Iiz\/^7l^\f\0\`*TdQ;EI6	Gx,i˗IӣU{4-R*yi\\I\.\5]\Uv.Y:r}m[n\;`\*\_u_\r\n\l\W×6}\?\N\[\}K\SLB\rl;<4\ZM8=	׷a(\;g&\/\\r\!\׼Z?17\m\~\\\$w;OF\Z^\@R6iCGM\\Yx\rf-v\*邜0Q\Cj\{\kR\d\ZM`#Nk]esǕ\<\n\s~c jžB@\lF|`M%\\\_ws\'1\{2Caf5^\~Mܴ\n\R\tb	.=\\4Wf\ 3}B\\\&=N]\k\'\\Mx\e+k\\ \ \\}Gޛ+x{\\nK\\\ژ[(Ck \\\1l\c@_-\n*^BLt*}s\\u\@him.]hE;o17?)30r\c\mv\(.\r$e[pm\nA1nʉ\Cx>\Ifgۜ24FDA\[\4EBۯ4ۇ>\\\f\\Cv\\\,\\h=R\vASouǞ>\ =Xz\B`Hʢavĕ 7n\_Ro%;SD\kM;%H_\\`\\c\8;Wqg%uo(|Aa7<Mq.4K:\\\4\lʇ\K\W.AMx\\*>\do50J#*~\\Eyh\'B}\K`\\\0\ޣ޼\\̏\'\V>N\;J\=خLb\\1#TU\؎\W6E~L#$\\\(\Y\>\P\_\]-U~QBlC\\"kO\\лA\\\\\\\\nSg\CLmX\\{h\\Rhȕ\\ۣU?z\8]\s:ƹ\\\\\?Q,\<@dnz\&vOJ;`\6jٳ#VP/\\{d֭\GG/W.\Ʀm.Z\s\\Ch\\ \TX -B.e\v\n%c΄qa/˼GX܅ɷ\L\xV\@\\\S\\-\Z̜{2\\\۔\\\_(\{@\Y./\rFxo6c=޴\f\E0\\6\A\"*~/$~14M*W\0QH[\\$[e.lڦVhɋ\c\Mo\ZU\\F0I*`\lm0\\\\\r7\y9XMY\\n j\\g\=JH\W@Pu?l\\5\	͌yw\2\\\5gJ\z\\OBLG7\6ܰ\w~ԃ\6\kl;i.\\.vi\1\rKc塌$߹_mʚ\xNxkq$b\\q.UW<-\2\N\Z#j\Yu\*\\rv	qBVX\9.\M7\n\\]>wgͦ\E\\\ǰz>T\Zh\\XuX\3\0\kȿP\l3g\\\\҅\\"\Wl4+	lF1Jd\0LY)>G1K\QFnws˔gd!!\s\\ OU>ǋ^z<{Whg\ٍ<\\Z\ie\'~\xeb\4*_\\\\u<ʃMQ!rݹHd6\{ǦYr0魱{4q8\Zϫ\ne\\(q1O݇\)\o4\\_L\\wڙ\\$\\ZB7\\\'2*L\4\8]dKZB\g\#E9c\\\#R&kZA\9 k^>ɑET\\\n[Ǧ(\K\\\aIF\&}\Ls\\"Vy\^\欈3Ӆm:+\)\~\\\Rt\ER\Zn_l)(myFНefK\q_2G\@YDțojq\W3&[y*\'c`$\}hEm(\r\3\92Z\/$پXN\\4\pj]LԖPF\vI\Z?_x#k4	A\5{Ɗˮ,5U`daNs\\0\cJ?i\H\ҡ+\xq5u+W\0}>\0\5`vh\D:J28.Wz,\A\ϬO\DYm]=9@[\i\E]\\r\H\'\\nno\/GT%\g@쪷l\{\P9ۏ\nwB6Q\\'\\'|\.Naj\\\UC\2^m`\\\q\n\\@9ui\7Z!&SA\+*7R\\΄\kdM\\l\Vr\\nv#T!\i\\R6g\^\@\Zł=N\\m$v\kOmCըG\i\ِ1\\\\"O\	>\I\\14\\'c\wn.*\R\=^\\ne끹0\;01s\rܟ[U	B\t\_	D#[X\\rq\$\rHK_\\\0rb\VnJNgm3	[\\\\d#\)3\_4\"\\n&\mȐ<\^\Yϖ\T\"\\\e(-n,\'a`	0\Z\"{\\0yd4)\<K\\Zon_=⅁WZ`V\\z=ޯ\TmT^ۣR(.ͮZ\\l\Driip\8\:\!a`\\9\UW\hpݭ\\gS&#)@xh\Ϯ]wjHPܦ9\+\͏g\\=7=\\r>%Rz׍j\h\n\/j&w\\"\ibC9Q\/\0\\E±\"U&~iΓ$iҁm\ʢ,\0\\\\eH\:{|-*#`Dߚ\\rPc[\L\"iIu0{a%圛\qçYcd\W\\\\Ar{P;ΞQb\"F\|\Z:	Lϲ-\\V;\d9\*N\u\(i\mp\_DI<̫J:\%3+Ŧ\A\ǕQӊK\b\э\"R\I\q\۠#;@\oS`\\!\\y\2!qbF\fR\\}A V/ֲ񖉉(\6Kٶ\0*Rb\k$tF[Ҷ?(_Y\p\fLS\B-\9\*Rkzd[\n>B\*s\\\Duc?\M\\\f\'V ,oIKn@\\\\\\J\ne.uRt\!\/\^s\\L!\}ד\\MG\9\eY\\ˏ\\rãe08䢨h\(]\{W\\yD_9\a!_HF\r1Gi\s\Զ·[::\V M\\VY[\n\t\>ʐ\sYu-\\ZoxS\\NP\Fs3~\{\\\\#\:GPqM\\	`\\JXQ\sE\,ڍذRB\"{pk\$	\\\Vk\~$\pKa ^v\\\\4I\#ܲ\r)\rah\Z\nր2\5\^w&\41\U\r]\y+ǜ\\˙٪mn&UA6N\'\2\5Ix\G\\|N\03[?\"\Z\P\ri\0p\\|_m,7/B~>^}(f\|L	\4\Ey+kS9em.\\\\uA+u]V\\HH-eU\JE~s+\{>,/\\^Tz#rڹaj8/\7-_%\R\'\;x٢f5<E\[\GO(\fIo&\0^UC)Ԅr&\])\Y.Nk|+\5|\+L\0݂\$y\ҚנiS\O1V\׃\R\<\򻽰MO0w*g\r	UJsB\ʯS=\@\ZaNI\.\\:\"eI3Q\re\2xo;\P|lZ~()ځIY\wS!m\Q2\"*\\{FSABk\\\zR\\\E\㎋rznJHiÓGvύ\\\Nh{\'A~y@P4\rpC	3,OG\U&xK~>&3L\0oO#\\խ&\\$6\ۏJi<{BW0P\\ߞєG\# \\ -^G\n͵T\ yx\ܲT\\\V\5\R觌g\\Im%\\&;mn&zqi\=\묯s,\-I\i\\B7>6\Wn0zC\\\˒.C-B\9_Elun\nv\"`e: j_$wrѻk/\\FG:kF\\4<\P奓SΝe\o\\ec?;el|\{̚]\aH%z0JI>\'\\"j\n\r\&\;_Oc1I%Xރ\#v@\w\VR2\6;q\\\İW\\oT\\n\1[\}\\ݕ9I\G)[,ε\\\uc35w?\ԟ\TUFyi\r=EJ\m\&\\g$kGL/9\\n`*\y(؟j9ez$-\o:]|,]\n]\0<?Dl.t\c\ZS\%,>^\F~:\rfܚ\"\\r\'\)!W6m\Zﳒ]\%\\\0ѓ=g\G\\u9D;Ӈ[1\\]\\K-e^DK8\"\+k@ Qҹ\>1v\o\0|Tn\jl\1ho|fw\65w0\l\\~.]\r\\y\X\\0\Y\|/\t>\O\Zo]\KŪ\^w,) KN\믅\D\Ű\\f\\o\%i2\y\#Ť\\TB~@\\{lq$=Cphf$	\N+d \r\/\\\\m:$i\w\ܳ#!y*;\$2Z1(Pꪌ:Ti\-S6Oo8wJ\\k\fZI:$e5M#,k2\h`HD|\Zmi>Bx\B\;ovu\:D\1\/E\\7<\\\\T\\\1\I\\"\\R֐\\m_J\q2\0\@ގdtW\\\	RS\nc8\"\\\*EB\!$ҹ\0 w\D\"1	B\kUoSj~\0tn@I\e]\f4b\]h1,%:{h##\\UYҙ\7l!tDFT\rw\"a\\u\ZZ\oO\\r NvO~\ ם\rRMg\:谼\".Uu7_\Л6\g\Sw5^t&`F\\k\J\\0kھ\<\\ᦅ=\\	\\I\\?+b\Wj|WCf\l:G\\\o\/\\x)\nՇU4r`\7q\&\W!!\&gXA:\\Z\ ƳK5u؎L!r\PI\0Ƭ\q\\0\H6\ujy9}>p\5^\2hA1\\\ĝkNXLNw\qY\B{wL\\n9+I\rhj\U\\2v}jo\Z#)֖-\\SMК\\nX&9{\oJn:0N*YbG\**\\߇\TcIL\\m\\\\\ۦ\T\c\;\\\*\Zg;[jt\a\sG;$\7\G\V\j\l?\\\ϪMb\\UjD1\ \`Q\93\r|\\_hcxt@H~\\1)@\|\fPrn+cm)z%*W`\g1w<\scSs4C\CBJچ݊5-k\{\E\\\(<=N\e.<Jv\\<\m\\Z\\T\&aP\\\d\}\*S\\d\l@KU#3\\\u6j&4FK\9\1/\6\\"ۑ\/\^\SC\>\j\^0G:9:\\^\H\:\E9?Hc\?(g%h~׸\\09\~6ܙ\\zj\]Sv2)ƿ\\ͮEv\\+V\b/W)ۀhxDS\2#	 6+{\BɅKlJ>5\:,\\\\kų]\\C\[H\W<](JI\"\|/ءD9\s;%M=ZARM#\u>\1Y3aN\E@\\z\\PHGV\Pb?\"l\*c\MS=9(\,r&\\v\\k8x9\h.̢8U(iuUZ\3o\NhL\&p\\,\VjiRnÆ \\^8ӣ\A.\9\1n\Pgg-J\NncO\k\nm\t|\,O\̙\'V\Z\<^F;ً\q\\0@\'9)\^_nvQ\:36c\ғ{b#皨}N#\\QK7V\G\\Vj@cPWEcQO\ZT\D\>u(#\\\R#\\\L\3e$Ho>*2\\\-%\4fϙ\[yUpXCNsRwK_p\n\f\0\s\s\շ;\9\nmd\7֢\1G?l@<:\W9[*\q\\ږȳraܥ]_.j$-3\CP6H<*\p\3|,1m\- \42\Ӷ,8\Z\CpJHx\\X\;ׁlJ:I#\[y\glž\\\w㼅@`\]չ\}W#|\뷳\\_E sF\N\Z|;G\z\\[bI\Q\҄\n6Q>a\/f\\*Z䵜A\"v\\\n\_JN	 \];\\\\UKSݏt\5ΫCP\\Fg&\5a$\\Ys\Fj?(/M\ \'U\){<J:\<7	:j\ᣂ0Ke\!H&\rFQ]<|&\l,\\MZ5\A;*U[X\@\&\0$<J\%<O1Mּj\\a\Ղٍ\\%x\n\ߕʍ),z\U\*>\%\/I\P!\\!̳~\0l؅p\nj\\J&\lQv\\>E{R2܈{UK-\Z\1Ûq\\:\Pg\$#AeEhNJ$\<Z\\rHq\r \\|H\"\+_\\%xt\a\dUlr\UUա|\Ŏ\'\"\V>\\Ъa(H\"қ[#Tx\Z\a\=s\eu0ʒQɰ_\\/\^ :\\rnXP\\B~hSq*\\\*zIR;]\)\n\\n\\'ׅY\'H\(\\u\\&\\'H˩&$l#\\\3W,r3\o\'a1=jV>(3\;p\9YZ\t\\\\\rݛ\'Vu\q\\\vܺ邦\;\Z\(&\&O}*OjhYkT\KY<g\\-=\"Lne\\\>R뚣́al\\\rb\V	@B5kevtRr<+2F.ۆ\(g03e\Yϔ7\w\kNT:\pe\q\\\\ҰE^ѽ\\\Z!\2<h_BN&W\\5\\壒g\\nĭ\\09rev%,Fr\\Lh!tM\\d欠M\t\\n\\\Od\\'،v-TS˒c.Ӥ\m\O\|ѕ@\l4^;?Y5Gw\M\a2	\c>\A*\<5\\^8\Z\\\%!\;\GU\mw\j,\ZyM\\neDEB%А\`\D]ӡ]/g\j\]*rfu^\I\\Y8j^\.Bdz\D~-\r\\N\aʗ\65MG)\"^=^\\"OQ\PP\rp\nEzvQ&Ƌt\\>g-\KfLz\0L<\e\\\Z&.\rrːabRx#~b^\=Q[a!\KrZ4-.7\ǜ\\}\\'GN\\j\\Pk\rG\r Vc$fBaIΉ#x	ܷC\>]y+#;\0\Ą0\0m<\\\5\\ےh{ZU@P\\H\yq\\ hk\eQ\\dg\0I\\uAv\\c!%w\hs\5˶\ra\Z/.\\(\\f<DƺQO6W\\z7uf^G9rb\Z<R{{3`oba\Bx;\)>+#ߣ_y\8\nmN!\\\1p4b\0\\Wbs&\\صy\'#]\rU\\s\1ڃ\9O\37.%/Qu\\\8{8\N\0hO(\mW	~\Y7\\9@\e\\dߛ$\\'	Abm&o\'#:\8\З/N;-\H\Q\IgD\y»\¥u*\Zqe\Zy\~\Z\i>lxsl\MˑNh\r|\\fP\"\\Zuz00}\'qɂb&r(H\0\^23\\Ho\\3|c@S`\r\ZT\\0[dL<]ZS\Hޭɫ.\\\ˊc4\\\)$\@\\^vG9\\\gh.{-/ggJ\\QdA\W\ZY\0]P9C?E\a?-JW.\S+lIII\J{ocT؂)@:»C2\\#PfuC)p~m֗u[Cuf/p`f,\p\ڳZ]_۹\Ά\AP\L\\ӏ\G\ZvX\rAql8,ߏ\eK~?nV\Fv6\yD}Z\z\מ\v]~\"S\Z\rF\b\'\\\ |\\rj\"\>\/\']\sط_a!Rf\nB5X!cٺ\j\Z_\StdQ:\\\e\\B\\\ck1.ud\^T:Aqc\f\\\7\4W\ʆ&lKub\<Mq0\\]x9\+|h\*DQE	y޿\Z\\n\"B\&Y\\#x!N?%9/GY\Z`\WAG!C\398XJ\?42Hk\e\^NjHC>Rp\\)(\\\u^Y>b\\6{Z\s\A\MT\0?i&tiR^\I\?i$s.q_2$l\\07\\=&Z-\\<\\j\4[T\6M.\.P\'\\~wMAk)R8L\\\\	\>\\\h\c%\k\U@V\\:\b,\e\\9z.p\\r$\\'\0v/\R1F\RkKq,$\\j\jt\Z11\\\'j^g\^\l=\MpHw:$\ɥ\0aaOd\`uxH9\P\d\Jj\w|\uϟe\n<\W\s\v2\\ۈ\0tQNl\$0ֿDgqn\.Dj`w\y8`\g\\]\\u)̤V\l.*]\\5>{@CE \7\0\rM.\:]K\(\ͪbMM\\p\&\ͼ\ru\EoyGZ|d6\Ev|;x)ԩxF]\9&n&wp\8|\KSJYK0\o}p[\\H6Rބ$i\\\\n\;=}2`_&Vr\WYy\J\\FBǎDqjCG^f\\rv\\>@\^H\cu3\L޵8\qLᆢL\\_`\<u\4-\"1P~(&\'\* VḜ)X\Z/؉\\\=B\\\VwI\\^\n\\B)qOmY(H\_%1\?s\xY<\\Ԙ$tAg\eEOXGn>$݈	_\k_vr\\\K\\w\%\\ذo\]Ő1)FFmE\]wj:\g\RU%VUG1L\G=xT\\Z\\V&n\\r[\0mt](\\KWDS\\)\\q D7?\j\\\\ӥh(.\CN\U~\g\r\i\\Hx]e;4|R\=<yp.\\W\c\f\\\G@Fد\<\n/iEܷGq6:p\5\9\%.Xd\\U#11iFy\-\\(w-pQG\/W?Q\Zl\4\~b\t{\:L\1:\\5_G\y\>]4\,` %HKA\7`nڍ\|z\\\`שr$[/\"\FV\GT:P-\\\rnݱ\\\߆Ӎ>ZRl\\\r5OU(fYkma[S\2\6\\㇊bK߯E~a}7\nϐ6F\ɭֲ\g0W$!?\\S\;\\\UVr%\\\'\0\\WC\9-MٹQ[\*yRWT\\7\.do\\ wĶ$\t\yV9	\d#\Ϡ\:۽F\Bc\$-@\A\\?~$\ 	`7<\S\\\2ͷVh[8,\\n\\n)\!\2\\co`{u\7\~pڦ%\'m_s7J\\};%H\l\dכ$9i6YT\\a{q\	\?RdۉóפG_\[)ço\Zudj\\\7\Ȟird\׍\"m(hl\l(:.Q\TNY\\\(U$-X>i\4\Of0\\"\nd\Z~2AJ\0C694Xk\)B\lV\\wV&ﭫ\MXp7_RDhk\R\M\+ 듪\wi	\\0t\np\'?\F-\n^\t`V\t\\\\-\tˣ-QadAi ً\8\\\˽q\}vt\c(~r\\rj1\_\?\x9!(āE3id\BZ/3r9\Q\^\\\"CU&\rC%C\r샨ǑgaN\-\t\"B˧\XA\,Eޱ3\f\\c\uD\\B]`U\G\R*H\\\k~\roF\\f3A\Y\	r8m\x嵷NW蘎O!\Q#\\K<;+z<a9\,`+?_\+M\\F#O	TU\\^/\~<\\\\Ȅ	p\<.\j\\\0\\3SK\\\\=\	\O\Z\'7=x\\ߑ$/\\\ځ\\.:PD\JZk`dRn\'#f\E\\,\\5\j\\E\\޾Ba\p[>\	\" ݐǷ\x\h\\R\=/ȝ]lev\\CgӇ\ⴳHZ\\n\r\oWy!\\\o5\͕\5[\0&(|O1uJ\e\<O&^H`\*n\x\M揧;2\vll\\n˾Et\\G\kHvi8f\#\\57|U@\	ETաϗ\ه|{Fwx\K\\\\\e\\Z\\Β+U}<Tm\JiB\ݲ,ܺө<Du\D\\n\zVFn\VY\D\@]@䎢lmfVt٣\~$\\l\\[rOa\7ݠ\\Hi5	zv\\\\_.\Z40D\]fk+\&w\\ʤ\\K\q~Z\&U\\\s,fzmL\gY\0\\\\X3~\Hu!K{MhLr\\\F{1us\˫e\cKZ;\\=\0\hەZ6u\|\\hrRv\VY~E%^\\;\]zay\KM_\3H@\=/\`q`JqC,svo\\ح\ZUi3=Q\Z\%XFKm\\rku\.\2XH݀BW\b\A{\+^50\c\Z@+1k⠡bg\'	}E=M\\\sGDD\\%Czm.\n}\\\kU\15PS\n@\&_yz9#o,ƨ|TB3qM\|N1\\4-T>\$a\DkED#n\\L{h\h\)uױ&\^51\:A%\\񩟳QUoI͋\s\\ofpuQJ\\)\:힯\Q\z		^\jϚ\I\\\\Bv.-\El+Sc\L.\R:2HgY	\Mτ^=>ܳƕAauiPb\\n\\\e\L S1\sJCna7,ϥE\\*\ZᷔXqg)\`	9\^\Ir\Y!2B\0\&\No\@Ŗ]:7\\SGh\\X\:+x/E\ҡssԠI)w\	\+y0\\nB]>\\\\0\PN?\*~`e4\ѣR\uE\\ey6\__.psB)\]xh5 YN̥\hI*L\\eţ<\0j/\q\@\Z+p~\Ȱ\0h!,` \hk4\;\".C\s=\Z \\=ݍԹ\\\i!;!#\sܴm\n\\hS9`뤛|:8p/InOe\4ϟy\C/kq+\"\0\7\\/|\K&-O\0+JJ:HMk\vߍ\ކ\2\\o\\]\dFy?\ߎ\8=@:Hh\zufΟt\Ǽ`oT\/\/=4|dvf귘uX\:f(Zg\!Q\Z\\\xU@\8$?㗼k\^\l4O%b6RAƁok$^zz!{0\'\Ow\\'\GnmK\t\L+b}\Ech0\|\nW\>@=R;%Cђ>GETP9*%\lp\\\.\Z<h\\Yo\\%\'	\mqV-2dKO0O\D\Qaw\K\w\9UnKo)\Q\]l󀬗c\;\5(8)b\k\\"3hs\_.l\A\$-\G0\Z1\p\2\Rڢ\	\\\+18>h\\IRb!\7\"闾(sl/#ڠTi\77vd\\S\\T\\{=2\\\\0\"3@o(\h\ \*ε\\r1Q\-\"\\\\"w+;N9\~\,lp\r\0lTE{[uX+\E\Xo΅y;-F݄\<\\z\\0\\nN\.=VxzH\"=\@\38P|\\B{ a\}eHF|\\:9\E^,F\dh	ڜ3\'y(mtg;;\⏬d/\,E\zOWj2oO\\\}Is\\l&SjBܿ6Vjcrɶ<\K:4Az\&.\/ዯڨ]|\\R۱n\rn\>]uEG)Ol\rT-ܻ	;|\\[\\ 1\\<\n\W\\0lr:jA\:b/D2z4A%W۷\\\;!?G@;A\(ٸ\\|a\{-\"CR\o\\ᣬ\36\"8Fd\\[~\`\nV8;RZ0V\@vD\yH\\$HD\u?VSZ3X.\'y\Ȅ,,<	\a\f	\Q\A\qⰁ\r?\\C\YTg|d+GW%$!TPf\]lZQoz{Ͽ\`\\ ;je\X4Lf\&\.ϥ\\GOM3X;\+bT7VrA\^\\3g!L\O~ gOOnZnEj\\V	\5\nƸ$\:%F1_	x\Ngh\p\r9\Z\\r\p0%z(d\˙%\C\.\=?h6/Yj~/BVk=\Z\+@\-3 u4:!P\p]\0l$Zz,n 9 Wb\'K\'l-?\Hoq\i;\\*V\ޜ\Ԣ\ySJ\8T\\7H5d!C*0R\\5\Z;Y\^소\(r\J=	y\:Y~v`\U@\5]5ݠ:\ݯyL\\0ŧjإ\\\9>S\?\\kΙO>^b\Z)dxtg\\A%{t\'Z?ݖR޴|0\ӎx\`}qC\^	Y\tʉIAbN0ģ][f\\\v\$\K\ھ\'a\0WJ/O\dyڽ\>\\ؼ\Nr=\\\gs+\\T\7[\\F܈v]$\(}ɏ\V\\HYya\\\\0nD\J7%4\hd\ӏIPla\~;I3M\r\rj;ںt;kK\hě+m	w\j.,)1AF\\@\r\RN^+XqlD4s4ݻdI\sf28\e\HΛX<m̓HV\\Rp{V\n\$f,u\Z\\Zvk\Bc\+\1\A~#>a\\n\\HH\g\jhT\yc\1\\'\@\\\\\4H\m;#h2\d0\l\n!>0ڬBAA5\޿\bR\"\EF\\~\5֞\?pA_W/#[/%;\\F\"\\;^\˪\_P[K1\'%\\,bynԝᕎyx7EGMe0q\n\i\\`vY֞d\!\\k@\,\r\\%C#\"%Ļܪ\wv7İO\E%h.tJa\\9I\Z\\\'\@iXMk\_\8ípb\\o\\\;\/\'g.\L\Âӟ}\\\|a<X\TnvcIF0dxȧ\b4[0ھ>RZ\'\Ej3\e\C㺡P(\'\,^u	ݠV\\r\ \n[~Lӧ	\r\\Z\\I\x޴KdtP\m꥗f-3M\001\`RF\\$\Z\\+lf+7Y\HX$\q35p\UXlމA\nt\4*P\Z\\cu%ZmuZZ}I\3RuiG\\~öQ\\&\ vSu=6ߵ\ĮML\$\ҫ/B\3ח?\@I~l|]uN\C4L|\I[\ڇ0\r28˭ߎa\"j3Xث	$\Uf\}t(>\fe\t{\ZL.h\\\E!T0fDUJF\XB8\,Y\JZ᠙{M\\^Ǽ2ʼ\N\-=6ZU?\w{\\G\ѧk`oa-\\)\\%\&R\i	K*\\\\Y\\\nF壽T\0\\Z\0\\V\4(h^ޮb`\`\kB\h\s\S\\\w젱%\~\'\mI\\\V\01$\"s\v^\׊Zk\8R/\Z׊i\F\\\%$N#\[\\'a\xz&K\GE\j/oL\VyD\X2\"M2QK\?މn\/?230P\nOgc:\GGqW\ s&ɐ\r\oceO5j\nk%.\@\MRfI\i\O\!\0k\rN{4ќ3I7\\!l\\7*t.f!˄)\'!Mz\3\\Pzy\u0(\\Ӱ:?\R\ç+80f7h\[u~!9\\\i\\\d-&i}wڢق3_Fz\tgfwXo\Χ˥o-c۳\|]-\V՞:\7T\4l4/ \^.KԀ\v~V_\U\uK \}\}!Iq\\DJ\4~u:\\ӓj@I@!;^?\=u2,	\r\xKnʟ\&\"]`]\]Qc&\\ZO02˯\)\v{3\'\Z(--^\T\g\\t6\uY	\\V^k\&-//&wRz\\JA@*\\"\Q		pj5GXk\\" \0\\fj#\\\z\1l\\n(b\k?\s-\J\z\\\#Y\\rkd`Z\hU\Nq\G9ˆ\X<T%ŗM\\!{/1g\D[V&\WL.\\Z52ia7[\yx\\-\sL\z\\Z)@rǆo\o\BiٷU\n=~/	*\'=+\nl\ _D#L$o$iE\Na#\{6\\\ݝ^X뼺A\|@1vX\e]\%/*~\e\IG`u\\\/i\{\+X\fEiYXb o\r9j(c\(`pgw^+\"\\\AFV\wJ\(\t\bP\$\\:,v.qѐr\-Kͱ_\\\\~\H\Y\9Pb\Z\\0W\geߎcs@P) \w8P$wg\\\\V\W[	Z*@[c=\E]e\%\xV-\6!#f(B?BK\{Jb\A%u~\\\\g\tQ\Y\1K\\k\H=*\G\5\\#\ktGaVʈo\쬄S-\\у\ \\s9)3\\!ŝI\5\\pAۥ\`P\0\Q\s%y\[SγDF&\DBp\G\{\_۲b\n0\\,%Ի\r,g\w:Ү\\\%X2Mؼw\rh\\\*I\ƥ^@\0\0\0\0\0\y\t2=xK\E8\\",}ȍ\==%\\0O\Vv\RxN*\Ep\\A/פ2J]n \x\\tm\S\w\"&a:fp\"(\\\0\ .7\\E\D\\0ϗ\\ruBPi$с\Pb~\C>|o\iԜ!}}\n\?s2\`\\\$kK\\\`8&\)h͇\Abè%\&LC\\L<\<c\YU@Z|j[>ic1\\\\O\\\,\Ffl\r\\\_\0Qn^\0O N\IZy<۪\n˂D\\pۥw6qJ%$qCe\<;gr\e\5c>\k,z\0޺2U7\\xV\0~7\k|\Z*)@}\\g9J5\8tS;7\G\\n\\\}.m\!\\R\Z1y2\8XrBIQl#\~v=\0\\*\\\TWM-v09i\n񜘩Br{\=/R\\4)f)TM1_\'\n\\\rր\\2\9$\\"BRs(\\\\'yC{˄\\\[\VV\漒\kC9z\Lo\a\0Ą/Sq%PЭ\\)c(C\dW\\Z>VG\\\~e\;|:ū\(МnX,}\g\|tH\@4\=\\\	Ql&_n77\$Z4At\~wj7\n\\;g<\*:D,{\"%0 \rJ\\r7+&<\/\\[My\퉵k\g\B^O#	\iCľĨ{t\uVZ\M{듒.-\t<uǉ\!g\,BI}r\\\\W\'P)\\m.\\'=	E\$\\^>6j\&jلlZj+Ⱥ\A\-pH@\\5\S\`\\\\"KR\\\@΃\}IR\ELq}mk[\rwGʅA\4)DH\\ߝ\\azCc\\\\\\+:T?IYr{ov.\'h3\grZR\ə>j-{cIY4\Qō@\n:U(_\v\+N]%%]X-zWeGc\FrZU.߃Ȇ\tEz;FԞųit012\:X\_\рHȞr(M#/[E`\"G\Z\E\!\R\7\uWܐs6X\OT-;A<=[\=`h-.a{\>ȭ:>\\\a*\QِNc\GԷ\V_\\z_Y*/*`k\>\ꮨU.`K\\[j\ZwJ\\=!w\0&;6o>0N6Z\\\ۯp3O\'{ρI*\Ps]׬z\+\\\9|\F\vh![`4xLʾ\s\\\')\d\"\:~X:à;\\kaKuYHPTA\O\\\QA_\K	Xb_\4F\"53\\u\4ڸIu\\N\g*1Rn/g\ƐW\ s\Xn\v\~\\n	`\Z\eLf:f\\<\Z1k{b\":\\\u¼$J$vM,\"G\\z]mKRu(\U\؟\\0鴅eN_T?G\\Kw\\H3\"uW\\n\ǣ\\n\B1\%_\r\?\\,@dp\k\r\\={玦c47H\\XR9,\wˎ6%\\lu.\~\`#\1\(MSЫc8/\DH-ekwj2\\h^kۼތj\Y*o\\屨\+\z\c*)m)b\!o΁8P\)QQDE6\\)\\rdƽ\'\΅t\BG\/I&[/\hO\&\0\0\%\K\4+\\\05	+5\{\:<R1ˆ|7G؃MG7\\j>zĉy$ \w\\~t\\,)HS\-m\\\%\\=\0\\"(K^y\\U.O\\Op\\\i#Z:g;b\Vc\ߎW\\00fY8Mm/a9\w8š\D^\"x@yM9\\\;q\nSs\\Z%2\"h[ܬsVo\"ܪ\\\7Qۮ@\`Ā%za/\\\?\\03CfQĳe[a)AMV+E^b2NY{\|D\ֈd;\E8ʮ/$Q\B͌w.WյLp\S&\\jвד\\cwhh\k$Ĺ\nu/o\ze>ǚE\*ՎkrB`\D\Zp\5\\\c\OqiS\'\\R[=\\J\\3\R\ZCvzF!\\'V\Da xg~nfp\3p\ǫks=İm\7!\\*跟qbh\\\#\loH@-6\j)r\\r|/h\CL\$*ݡ\E\.\p-\0>}V\d~7Y қT\$lI\M!\SB\@|)$)\\\ʀ9m26\\']$fU\\/+>\=\\q~}ݾ\*KS*\\t\$\~Ak\ÿ \\L4;ܑ2\Z\\n9=U\J˒[7*=\\\\0y\\ `\e#\\\\_v\\\Y\rFVUN[>p\\nbHYǶ\:\42\A2bJ)认=ݓq$q\7b$\b1\BT\\\Q_	YRp=\\ZA(\0c\`\y`\lZ9q\\\\&`\4\\Mx4NmXW[b\y\4݆+\\|]j\˕\"υArk\"f(/MZ\	\suW1p\\\Z+q]Q(.`\F-\Dq\Mo)Vu_y^cͺ(\}8h\Jr>\\Į/k\}\"\$Nؤ\\<bkE5\b.\Ŷ*76\ا\\"L@4\j0\_׿\P9\#b\ioR}|d\\\9\\\\\`vr\O,.\v\4B\#}c\'\SK1pSsi\]b\%k\J^9A\"r)\b\|Ҽ\\ᕼ\\!cHQU\5d\G\vH\o\a 0\aLy,߅A\ZE\\ \|<\GtBd\Ue~TS\c&$\\Ge\|/pcRRڒ*棿\rFǏlƒ6K\X~}\n\9E?\+\Cx\Z[\\ɹοB\"\tؠ\rٰ\\L\ΊݙRJ+̠_\&+z)s10rJ\.~3\&\YpJ\uϟ*NǌP>\\@\0I\6\V)\y%g.2`V[\\G&\r3Xh\J\\<D\W\utиԫ\ۣf|}Fw\_IgjN|\{w֢?f}.s\'I3\ZNn+hUY\mT6ڗ\ij_J䤏N{tF \#\\1ԝ\\n\hPqc/k\\~\v\\;aӊ\c\0o\0;y>$\\NT\\n8I\6\Aqtk6*KȉaN\IM-\\\%_-ay\se.\z؅\4U6\~\P{`yM\\$4WW\j\Rq]ƀ8ØHL]\qCuiȜʳ\:w\C\̳H睭gޣK=imQn$s\\w[7ǐdq@T\Y4ϗ#y\A]mxڙ{t\Hy\PV\"Y\E}yYܮ6W\lyɦ=C+:4Ϫ\Zrn\\'\^\6m\0m\Zk~WKg%p\\'/E_\$\R\*\\\\rC\ֳJ\EN׬k\xG\\Z\6i\H\}+6\\'WUݯSˍ\p	^o%b\σ?2\\\Q7FKE\\-T\U5\a\Gn\-\"\k\Cz\\"A\ɚ_;=>)mĂ>\=B\\x	Xb\Ѷ$\ΖC\\ΫQ~ %KRpy@2\\Y̛k\UԘl_D\b\c$!;\:\zs\ZEۿHl\8\\\Ӥ\`\lI\m\"\֫\"\\\dWk\gfkw\\z\\[}\<\7:_{Ԃry/KlҨm[I\'9A3\lއM,K\PӶ퍖>D;b\P>\"\\\GV\\u9\@VI\`!\\r\\t$0]\\v57jN\\Z\\Ȝrs?Ƅ\a\1\IPxءHg4P~ܰ$\4*\`0\P,)]\82SAa\,\IXE)\"t>\rj^\\%4mCTL-\\`3l\fm^\丶\'Ie]rLe.{j\\<U5Sl\"P%p#pf#fCYGvbGm\PG9Ӈ-:\\\*4\\gdOb\JUTCəarz&TLa遾K\^k}Y\{lIiD|\${6>/.G\r\e^89wB&M~![bӬu@\Á#ȕ^S\{sV:S9f~\}\Żd\b#ё.ҏض&\n\"\,\!P:vNB/Ȏ9-@cO\\\\'fT8ɽk^?g@v&FsT{GN8\͂$]\,\0P稭\\\\P\\Uk\\p\}\l>q${\f\\0\02J\".IfXGq٪56t\i_vI4R\0\${\\,,\j\}+\P70|\\bzh\Q\0nK[V5\#\\e\7{J֜5\n,\\6;\ʈ+gVMYL\n\\xK,9\}{\h\\\\uvwZ&\_\\y-\K\~M2\T?^\\^+\0\*]*Ճ`aT\\rQ\N0\2r$5\,\"\!jf/Ȧ<@#>ъ5C{!Q\dt$9G;L\U\\\\e7x.\h\\<I\`\ \r &-pKf{!6lC}\\$n\\g|N\XJrA-AP]\\\yoy4YݎfB]îd۲\EĶ=#\Z̴7p-ak^\\˝\\Ȯ\\t\F\KZ\`@\r`޶0	\6d$pyYωoIA>Q=\P䲨#=Op\Z.F*\XT$^ۺX	\\%+ayQ`%cP]\t*4H{z\'ǽ13nfN\eą\2%H\H)@҉\r>Qq\jHh\"a-@i\\\	\E\8Fk8y\\B\m\u	=\~\\ZQ\\\D\s9,-2\Jt2缷ޥ^H\'P\\ᵷq!~C5P4\0?e\F躧kth-%\|1Z\,\\S\QF\\\afbς<\'Xap%g^:%\C:\bڼJk;<-\x.\0=AZ;npCw)\"@8.\9Yr\\]X0A\,\Z\5ו\9:\\_RᤆR\\\㏡Nw?X#٢腅H)C\lkeh\':]\>A\\s9_A\\0iC\>\\΋i`{Czw#\>s\\0)\tJ䏌\\"`\[2\\Z\'Ĺ\':W\j5f@iS\uƖ=-\\TPP\nޜ\\WK1q\Gq8l\~\n\˖L1x&!\}ϕ\M+\\nn\ͫw\J=xf\z\0k6Y\\\RN\uXr!@ \\zl)\Z\xB+\\+\\\f\`\n\hG\VPSSpм%\\B6&s}\lGDgE\nHiK\5\r\\\[\V\\\R\M\>0nB2\0o\'\\\\lkXv\"\\\)y\hp|\8\|~(6\2]OOW![e	\"\Ω8\dA-tNw+\rh}T1ݽ)gr\y{H}ͽ%tJd\e&=[C3ڟdya\89,2U	!c\ǉQ́Żʗf_DHy։b\Ծ=iwgj\W\$#G\Ur\\@rhDĎ/]\'Wt\C\q\*R\n\n\^\\\x@j\Oj	+W\n&1C\raX6\*\+j\ ^E~=	\n\"K6ԏr\|b\\]n>˱oۖ\\GAz\YWǙfd2AZc\"n\TęM\ZF\\\\񸺱!W\\\\nwb\\]zawIs^XR~S\`&\\\ zmY\dŰ+\\ͼd\r\5mt  \$\P@݊/*)Aٜ\'\г))\\9hkףד_\n\Z.\eBA\~̡`K\Z]\\	5\}\y6ePx߶\0гp9+Wu\\)dC\	\3@:eWrl\\næp\"^N\EZn`)/\o\\\`ޙ\(xұL4Vݢ	u\\_\\|nuH\:zJ\\Dۡ_OD\x\\u\)O\3pf\<9+Ky#ԈK?\0>\\\!|͸\p\\)p\\\C\+[\Z\vYjz\R(|\h*\գ_P$aZ\o]p$5\0y\G+\\tp\j\<\bz\\̟ٴ0ENK)-D\\\\\m(\0XՠO=\nI]\`66`$\<\6\>\c\@\y^mZD$l$1E$AxZ4S\K\;*<GEv\\Lv\[FSt	(X\Z%\\n\"\\qE:(W`\@;\\"ad,E]<S-`_\x*`4\N݇aE> )#m/,:{S(#\wJ\\\ᰨHnߕ\\8\\-1h56}XAlVhz6\\Z\\\\-i\E9f\&n\hal20\KхeQ\܊F\CܧW끑Bv\+\\nsA.82\#E2_-\sE_[\\\mb\\\z^8k2ƪK%z\'Iyݭ\ͼ^&8\E;v?\\\&\\\\nqz0	@#\lL) \3F N6\G1)\\\'{<\QHS1˔Z\_\,aOo7\\$\玏ۻ*\'@\+r-\ڐ\ 64\.\\r67(\Z\\G\'\|@!RӼ6uIv\>\r\,rl}\\\T\9\\zJ\\\Zp\Aٞ	\Z\!yLz\(=\0	S@=\\9+\܈\%\)^G$)|#Zr|\&\0\Ӹ·s\\\D/U{Ow.A\\JeBM]\\k[\IN\mۼ\л\A\-\\Z\gVk\\K\u:񑌍6\\ϔS\`W\Y,n\\k\\0\\W	T\'\E;n\4\uH(\$ލB\0~N\\8sIC\]M&R\"\k\y\'\\ĸT`(C\!I\Y;@tK\(\NFIHVm\|fK\;2$/:v\te\fg+X0\nN\\Ȳn\7O@L\xuw\r\XI( \\~\\h#\\\r3t.,=$س\$`s~\\KOL09js)E0KA\>۩>AsF\'\cX;=ǀ\\\lR\,zNt\hxy\%7\輡BZ\\Uzt,e\\	(!\\0S-y\nࢭ\y|S)\_\\Z\=z)\0Jg`9KtNȂ^H\͗>?2Jd\\i\#9AkZf=%iHSm&.\3؈e9\Z\,Z<tdQ\xV\j\qĄƽ\\ֵR\)IYjU.\#3恕\0\_\Ls:l\\61#h^#Y\\|_qAS0\#\ݿu9$\s\rT!.\{\ڂ\\\wT?\Q̷\0c.,j\\r,6wzo\\\=\h#\\f24jĴAJ\8>\>)\4c\*n^/=\KŬk\Z	\wV\!%z\\P-C/\z\r#Ȏc9$#*\\܋u-\Kc\K\\fe?\PG\\J\-w)(WV\r>܋f\2dn,\b˥D&y\\8VEd\JRK%\}{ߠl\00*\]#Vn\rE\\l{2Tuz\\AV\ \Ʋ<\'	$Qi\;ƾ\p\*=[48G\n\\\W\9]0do&lw\0IgW-o\\t״Yp\iΦpA?WgU\Dc\\\r\\5\\U34mM\rĶE\\?Q<\0\d$\VK\և\\4w\S\ȩHK#m6\\\&,\\k9PӤma\(^\\X*R\Z*\\\\V0\9\6*:Pl>;\\g\_J\\\\r\\\T\Z\\EhUc[tk\83>.&N\2?o\V]ԯ\mϕ\0CΔ]7\I\wďjbш\lfrz8/9wy7KA̅\g\4vYDrǸ*\͈|&+>:\jbk\Ѐ\Z\\"}A\\A,\a~P\\	\/zGq\@$nA\w\\l\7I[cB9rL2\a\+u^u,SHUXJeT\.TSjٟJw|\yL\s\.-_kG*76\3+ԒZM\|/WRߍ1k*)͂\L?la?M\`/\\'c(\i\'8\=%\\8iP<JnP3̗2c\i\"*\\\@T\:P\\'\\\#J\Z~s\1\!l\=i\\<\8Tl$\_cLfO<ժ\9N\\\57o\r\*6\\"\i`-\yGEg\\\\\O̝%\V\4\er4h	\\\)\y\g	B&ZԿw\Qj)l?֗ܺ\0*^g\2ע1ͿM0\rU\r/^\>n~K^Wxf\\\S2u$\\h+\@;`5P̉\ۛ!79̙\ۛc\\Mb\r\Zi\7Nț>\PoFA\\\\\r\"	)+\Șڂѯ\Njk\@C\\m̼։\\Ec\|\\\I\\\8\\3Ģ.mmU(\t+j#1sy[\ê\\N\0\\M\\Z	zT\"=\"\\\\\t9\7\\lOD\\v\\;i(@\Wu|1wL\.b+=\+,\\Z\ɊO{wi\8Շ\A\\)m\߮*#D \#\(\Id}\o\a:JA\٦&<\"h(鹎{?+\\ׅ&mj%\U\\́UTW\\I\\,\U!W(\\"\\\'Q.n(c?(#jRѶt<Ta]֦]zǮ\\GØ?8O}(kD+\yK\cD\\rrm\U9C_mNğJ㜾\*4Ǖ:\;<XHeױ\Q\rs\n\|@v\;ls\П7.ؖ\=-l\\F]\W\\찚Otq\\򐬜\_6D\\o\B\vl\\n!=\6\\\\\r\RH\\2\\K).dy!{D\\%\\H;MRJaf\`@\h\D,r\\Uj86\\n\6\!\cKedS3rj=Kg_^pڋdòU;\nxRe\!rHo\>?\ZOnC	\+&Z\+\\0Rj\<\\\\R5&1\;296\\\\3Ǎl{ 0֕\A%ޓj	\\\Y\\IFd>+\+9@\+\ n\W\.V\6hJ\'*+bi\*\-,*!\uX\].c0\'<L\0!Q*5!7ʉӓVm\03\1?KbR*\\IK\aIS?K\	}8\t`cz\\3&zZ\0CT\J5pQTM\(`\eW\\w{-zp\R<42oZ\\4i0w\Y\\afӣ\ٽ<\O\\ZV\N\p(\᫏9\yL\\6R\:\=\s߃;\ǝc7v\W]w\\\IsDN.`v\\\~߽dP`\*66.mOO\ع\\v5J\j\ص\VF640\\/\HP<Ϧ.+Y;>%S<Gbݟܐ.ph\Z\rouX\t]A\\{u\tw]\7o\[L8e,TE^\md\\6{DJoёU\T)0\\\Xh\0i7&%-\\ww! ^la+ô\6\A^\-yՉ\s\b\nën1*DW\0.f.4\\u\'i\HOe֧OD\Lرv\\c/\,-zmE\0\}F:	\\'okxڹ:\iE \n\*Y\\I+̃*,1(e\\7ee\G9^tE\]:0/;ʻUQE^/Z\D(1\k\+\480+ygl\\"p}ɬFaUW\X\	]\VR>n}\~u\L\ÁB\8\+h:4\\\T\"\?B\Q\\Hɣw3/^i\\g\\F0/*&UUj\ZsH0\_s\hN\o\\dPe|}\0Po^O0\\\h5ROK\]\"+\n\BX\Zx;D&O\a BIk!\\r>t+ZO/\\\6\i\tēVUg\d{\\0= wR\G\\"t1H\f`@\`\s\n.:\ZKX\.95$\!ԒY\_jKD\Z\Yaߏ a\C\vjT\q\?߹|{_\$U\\~T\\\Z׊3MVTKh\\	\:\0M7\n8H;W \~\"|\\0JD1K\]\\\Ϊw%+is̽ir\>a\Z7fs$biߓ\nNt<K\"\nGIe[^\t)	}<s%O5\n@\\8\1+|{\~\Ov\C3/\#E/\OT\3\r=w&Y]A\\n3$\H\w&)Ըdܯ\^U\:b\\SP%g\\QD\QvFZ s\+\Z5kaٱ{Żا\X 9\%9\͹f\\{\\;\rB\\"\l>\"M]\\RcM~\r.yKxH\N}L\\Z\|_@GFir3Z\\\$@ĸ85\$\ӑuDaA٢\	TR+)P|\fuv]\\e\0xZ\rTӁtS\$xxNf,}{Rzd\Ξڰ\\9<˙\~(~\\,J?\0\Å\FvQ*m`Gٺ\W\X0\)\\\\L>\븰,b,\03*%\総N_\r33\ZA\+B$\\]~\\ZT~^L\~\\\G}\\˫Wc>\C1Jk̙l\b;(^Sw#\\&k\#\0\\1!VSGx\b{,`j<qXuD\R\n\\^I躌Vc!r\)\y2d%TRH!\\[\{\0J\Ra.WA\\\ZRxs\'X=}\ud#ö\\P9Wp	2̬Fs[/\\'ZXýj\x\ɘo\[xHaM}\3U<\([#\\\\죳\\\Zt\\.\fhuTxf@Gt\ixvf} _\̑N\(8=\>x4;\\\!u\˫?\nv}2~cV\\nc\nJs[/@\\\\\\lX*ANc\^(d\Fu[k?\\r$)	$\\\\l#\Oy:C׏Q_\0W{p\{A\0\\Po\\?\e\w#@n+\tS/5SUa<\ЌF\(\_Nz-VliT\|\#,O\\ IvR\h\:pj?\\\D工\G1gn\\oЪ\t\ZW]\r<c\r5E\\r74Yn\M/`Ksi\\\=7\2El \>LC[+%^W\"\4ٻ[H~\\گ?\n\ZFN\\ߟ\ԔN=\H\u\1jWP̊\@mf\r\p\\!f7R\muR\\\!EM:i*\2\L(@MxvXJ-\+\]㘖\΁\NWL{\'Jʏ\0\b*ѭL{u~=l\GlE\\mKK\\\\RV,\\\6w\)w\\ƣ;+X	Y)i}5\5	k\}\\\\Ipqc^\\7 \\t\B#D\	\ḉ\jgn%P1\Z\g<	\U\gl6\q\Z~G~\'\\\Ur\\\TC\\H\z;0\'\\`nE(Pш悢+wZK\n\Y;lSw\\|m\5jmD\n IW>_:H ><h$\\'|a2.졢\\\\ay_)h!F\ʔ/	b\2@?qp;b~\\^\lr(<\0G.{\\nd~Qgl^{Gx:\]\g\Jj\7㧸\\\\\u\H\G\\\q&\m\tӝHB\\n\1P]K\s\0|+\Z\BIyO,\\0GY\dI\\Ǿ$\>:P\w\Q7e4\@4.3ui\I\\΀EN\\o4TJ\r\\n7\\Λ/\-&\\\e;ش1\#\\]԰6\~WRy\4\3oᲈRu3J^p\ZX^\o{Q{rC\F{=Y?^\vZ\0\0:=\rK&M)\`\yZX\\\\\\s\W~MIO\ae\io	o⟕Q0Ya\\ZJ\\au\\ݜrIz\!\у!-ϧ\\\!gK\9\)\]},\\\M\$p`\0RSC\\_#\\oC\3\<̔o\<&\qH\0\\q+l\\B\@\\\\n^@\\\n.\\\h=t1\0bjY42!\]!\~|+\/\ctF\0?e\\Ƃ/\mfUYq|T\s\\\7ML\^;2l\s\FfA>067\I\\\F\?B\HҤ,E\i͔\"\><Ez/\j4蕤A\v\\ڍ4Z\\0,\nW\?H\\\m\\\dQuԨ߯\^JG31/\\`\Ѻ7fl\m/5w\/{?I\DW=Y#5\^\p0\^\"N}T\nY~nmhw\x=F\}&,p\J0&B\i\ڒ9\nY\"؈&\\;k\;A\E\\r\\\BY[6G8f\\֣<&ℍo\\cSۀcsDf5sX\(ɷ\\o_\`$/Yj\[\\_\-2\r0\t^I<\R|\~\\'&,\\\N!.\sv6.\\\u?\!\~\?]%㡦o/\A\\Z2kӆ!DY\8Rx\\&߱\ĵd,M\k9\\'I\\eV\a\\HkD9Ot_3 \-+\vd\UM\Z2\L55\\T2\ܧx\lY9噲egBww\YZ.uV\ͺ\rF\b\&ݡ\\\\Ze\iϕ\5HD\\"Xšȹ\䤛2\02z&C*\\\i\7 \\\+\n_&U\"Pɤ!{nusxA\\\\q\LڐP˷,Hbl蛬l(\\LU\W\DC\p\Jկ\p|nk&f\\Ø\#\\]6)\\Z:rO\\p@D\\\\y\\zlN\\DB\]FbO:\Z\W\U\n\A\+zU\{ x?W\\'W(\닟LJDNdnYs\Ԇ\\^eS\j?6^/qn4v\\?9Ft\\ܙ\\'|\\]]/>m\#r\C\x\f\O4<\~v\\iҽwA\\Ъçu>	I6D\f\aC\!@\\}LC/J\/#e|\O9VQ\\/!l\yg6L\H\\\x6v\"`s: &\Оh\\X$,[\-\¯\I\N\n7zX\U0)D.ՙR\f[?c)./\bܽ-j1Tֹ(\\\\FJ)	\rI\ȋ~\\V:\\\eM[u2\\<a\(\a\\Ópf,\\\\wH{\\do\Bے\\\,̉|EE$m;s\W߀\\vjE]^u۩\\\߰\5q*s:\\\|$\H\71oxu\\\`\Z\\\WSo<*vd@\d@#\\[\IݭB\T\\ָ;tQD<*:\\\;\4\	U*9bxlJa*1NoIr\|Ǜds\< AZ\\{,<\\\κ\"\\hʆ@\	e\\(?\n*0\\\Ǆ*xpᓱ\A[rZ\\#P\\\'\sjVo2\y\/\U\+\N*\d\kcPB[h`9Tzj.3⣬5\\悞4u\89\\Q\Cf{\QC\\8o\\\r\'V%\e\"\υ\ڻ\qS))d\S\\.\n\>\T\ݎSXjLf\d\Eؤs\M&\UIms8Fδ\"E\r\ՄX\}\\\6HsjP\is@Rb*הQe90\L)ƞ\*{/a\rg\GF\<T<+&DoLJ~32npI\"$dZMqdB\sQ;\ndA怚ԼT/9\rd259\|!(񠚆\[PA\eOK\;|{8\nmY\?+\-\\_~\\wdޥi+\#@t\C\9~1?r\n\\\wUI4\\Z\?\`\"\沃\n\vLE\-.\hf\nm%I+ɸ=\p4ZƊV]\0\T9px\|7_\u\o5\TԂ\O˟{\ZGa]we+\|gfBn!(%	PS\JݨP}\K<3\\\\Z\"G\rJ/41`_ڢ1oꆃ\w6^m0pq|pB9\d\\\'o͟Dbԝ\,\~lmge\z\2jiLf\rE.\:e7\r;+nK\447N\\O-^Xh})BȤJ֦u(.1+1EKaZ\"\+\>\2J\ǹ\3r5Y|\\\\n\{ \AbM\mO4W\\T$^V\Ifo[\s^W\:0.\".\\w\\\S\a%t]Y%\\7\AJ(bc~<\n\JޘzeFA\B\\\\0\T!\r)$7\8=4EL\T\"]\\eօY\dp	D\͂(5\\ȼzOhȉCb\0:8KT\\\APJԳV|Ϗ\'\\\\\&\:r\\F\2j\\\\-\Zv\r.RDEH	>{``JHf\"U\Zo*N_\\olpH#mhY*e	\AB0Ջ\\'ߑȓm?i6텩ʠbҾs\<T@qqb}iTG\\XF&p\\0\\n\\\\\h\<b\tQKVnm]b\!T4gd\I-5C:\lIo\Ģ{\'O%h\'\|=B<s\0QQU\\؏i43\7\JT=YMˬMY\){HY8A9\\Ŵ\ \\u\"վ\nćqI9\4\\(\\\Y8(Tu\\wa2e_\wԤe\Z\,~E,YJz❅\rZ݆|)O׈_2#s7`Ie\=1O\\\\\0v!52\\X\'7\\N\\\4\\/\sO[8Y\Y\\\\Ya\\[; [a\\\\\r1m\醌͈9\X\0\P\\RX\t\JXlu\d,;\\\Zp\0V/m\\Zٟ\u9TsJO}]pP*\8@Ii`	\\ة\>*q0\0\Y[CDk}I∐*\\TXr\\0R<\$t\\!r1NCrs\DnTo!)d\\r8!\\\k$\վ8Z#\G\mbJrȓtϛ\rͩ\"In<\c|\}E\r\\~)\O:qdJ\l;\6!%aAzXR\\H\\\^*c\knq0d{8Vl0/8Zra\w[ְU\i[]V\\\)^+X>vt\\* a i9qbDUq\S%:\\0=\C\rߛd,mه\N\NTo\kOxHzby>Ɣ*MH\ mZ\q\\٤\\H\\nq.	\ZH\%\,3\j\\]?B*\(gZ\\\r\\nv}Ѕ0\\\Zǌ\\'pmD\0C\\r۝\-I@\\%\>3\*>l{,qT\\y\k3\\0 $\(_>A{\\w.fqpҒ6~*a\'h\ݗ ߒ\\eE\PU\rZ)m;C\\"\rg26OP\!\0M\X\Nwf,k%6^\0\\~z\\Z\\\8\D>\\\a%\T \\3\a\/imI\\\⎇I*]SZ\4jL\x%\\ D\\\W\"\V\<\'\0}T\a\b93x	bh\ԫ\k\\(;vՌUH\\\\}$6?H0.Sr\e\\\\}\)YCjXrd\Y\:\$\.92\)%\\y\\n\^0;tR\\F\s\%[H=2vo\o\\*\\>μ\~DV\\\"A\$p\\]\0ѫ\\t\rî\2O	2\]ҵ^?T[!wg;\z\Xظ&\"3»\n\>\\"k-\\\\"\'l\+\'8w\R\r@:\\l\\B\㦲ՙ,R&\ߟ\	\@)}\\"\\r쥿\r\^1?\F!\L\\Z%\! 4QC\>|8L\"G8fe2{)^GC(\\Ȋ2פ6f;Sr1~-\]bgp\\[pW\R{E@H|,g(\-7=z A\\'rMZk[Lp\=Hse\\/K\q\\r-\؝3\GCj_q\\;\'\\\L8\.B\L\z%1`.)\.\\`>m!\~W\\Z(wg\\\\K\+O(\yPN^kB\\g}g\7a9\\\Z	q8`\K*ER\\U\	Blƾ=\\'馞~yIn\pU7\\\S\\|\"\5[\pC\\x\O\\n}pZ(14(H\\p9\\n	OP\UQ#PxRVY\忴_\rH%\08Eg	\Fc\̗\ޮH\01\\6mn\^\0\\\\q\;\4\\'b\\u0\tӻd\\&9Y\(@Y\ߖ0lX_C\0C\18\\\\\\\.Cg]AM_877BUl\L\'\vbj6~w\=gi4LׄYr釟M\\nG\fNݔg[@\ݐ\#~Ws\0@	ן#<ޮ]{$\{X2l\CVqKH4\\Gh\\k\9\\Ox\\8`!)\l0\\\+Qm\\1DCW\-1|	e\aU7V-{\ܛJ\nz\p:\\~\Vbg7%T\\\\5J\\f\(f\\}\A\@dax\\\;Ay3P	c&)t\\[1UJ\aa\N9O\\Ȉ1G\}5b	L-\r\q\PMd\,wY_ym\\_t\1؜l	\'\I&V&<B6do\rw?wu`G6Yogݘ?LRi?[,P\nG*f``$\YM\4m`\ <\Ml+\R&da7ЈqNBsCVg,\]\d|7-X[H޼(\\\Xs*k>-\mXxw\"ܬK\\\4:\>jf\R\"Hi\L\U=ZvQ\Z9K/HmtO4\SSJ\izN\Z\B\(\\e\\[WsU8\\H|YAo\2\\\0,9\\\16Y\b-\q\#\\h1ҵHl\e\\"{\0wVqʎ\=OQ87c\\\\>\\z?9\"\\q6z>Z\ \ӳmu\;j\\\n:\A\\\~\/!G$VĐpEK\̐.of@M-1>S\רo-Ī\:\n<<%Nx\=Y{q\\ZL搣-\pBbD\*}C@P\ \szVn\\Z\\'\\\ZrV.}\G&~Lq\r£c;,ŝ-W+Y\np%\qSqe\\jUs\R\j\n,sq\ZBO$\1k\\l43\k09\ֈ=^RfOL\܂Y\Ğ\\\gJ\5\{N\J\\U\nT\B|\+\[\\Da\\5T-q]P\dP\y+>Q@i\H=z>L\\ Ώ#ObYJլ/<y>$wE\uv~R]C\ñ2s\0\P\,4׏\\w\d\\\Ѳ2\rA~&\O7[\ng\%\?\\Z~B&w\'b0 l\Q,(iA-xh\Z\\ZC5\x\v~;\1q^\0!vf2?g\	V\=l\]NwH\F\Nd$\80OB\ovBSuKo\90߰<lXtqmmz<\\qүw=T˂ϫ\\1ѻz\\\6Nm\Z\y\r5jO	dΤ\`ݏ\!DD\\\Nǌ{[thAy\ur&Esw.磤\U5?_Y\0I!+E\2\\Ey\\\@*̵[\'g\0\`O\i|\,w\3M-F5ێXb\(ptYw]FA7t85\'-\y貦pe\5P\r+ͣ(\Ib\6\I\(\'xe\?<HdB37\\P\\˯,t!\'\OiS:=`W9\M\G\,\x\s2TǏV\}v\\E\\\rHd$S\I\\e*\\"\8AB/FY\0G\\\\;)_q\[:!Xld\\p\|\Z@\\e$77\"m\\\0\g@&*0+JvS=+C1Zo#s@\GLC\d\*\O\&]\~\'U\u,]B!9\d\ \;$.\kE?ix\3%y~-N\4:\o>A\yi2\~\\7M.\GtTwU?!CL[\_3Q\[qB&BHȲ\S4q\!\\g\N\40\\X\q\\w\g>y^a\9MLGM\\|\|\zumY؏\Z.M	d\n\\-[MwYq?w9P\ZE\\Q+\b\\jR\aD?\k>c	nI\\XG\\\/\\%VtnC}`qpa\XC.\pՀi\~y\Q6\=׮d3}\Z5]Bݭ\"\"Zh+c=\.\}緾r.LăbV\\\(W\\\-IK\05R\|4\찜a+:\n\Q\Zw?1\ޥ\T<L\\\|\nI)\\'\8GJIgĨtI\4&tr\$ny68Rq3K.\G\\\\09-\r\{~%ۢI/\\<WJ\\2{}\Z۫ũL2(I^	4\t9L\0\\w\!&\U9i*@\@>Ax.J-\#y\g[p3ˍ,}/a\J%3\\|Kjɒke\\\^K#$\\$cP/`𲐨\\\0M\\o\ZW2\sZeI\\j\rA,$?t\xYGNրI^\&\\$JO%hn\Ώ^\ַ^\{\ncم\e@\6\\B~\m\?r}\\n1%u\C4N}\n\\v8\Z˕Rs*\\~?P$jJbUV\].\rnP\7Ք4*ݟ\VZ}\"p\eR\Z\bHE\XHeȳ\z#+<7\'ұe	]3	ftP\D:}X\\uW:\\ww/wig<t%\UGAi_O)~q\G2Ų\\cl~	)ǎ\o]ye\\S\㡭a\Yz\'4\^\dQ\62g8\\uyদD~;xg\ƈN\&\\\M@LU\\?o7S6̼%P\\\\	\cvfZ\xoH,o?	\0x\\{Hd\\\J\0\6$\:OasXV:\Z2AB\XM6\]^n\,7{k\\%;~W\U`Q l@u\ɤ/\\.$\Y\UĭƗ\?Ao>\Dt\\3`fz}[P\\/\\kA8b@Z%\W\]\D\\Q7\\\cZ#x\\0\3>\ǩvzC]4ϝ\rd*T,QQfG]Q\\7\_N\a\\Z\\\)s\\V3&\s;p\i\t9_d4\K㋸LZ\ݭ95<\{hy\\"\\'J\Z\H:O\-Ԃ\\\'\鄂Ǳ#\\'f\T\t\\OD\іM6{mKH\<%\egWr{/$\.\ͱ\02@Q\}ad\\\H\1B\"3\\Y\@\\Y>z)9K14W\yGn\PR̮RA++ͩq8\nl\[^#YS\K\P7C_\3\Fe\vK\\ \\\6e\{N\Р2\rs\\M\X˶h\Z~:u\c&\\eEdNAl\rIO-\0n\"\,{\t\=!\\\\_\\iO{\3\\\'f\EL\\uHF\ti\\r]99\`7\Ǐb(\\\h\1dk\)B8\.]>	\\\]ǎ\\0\tbXry	\'-\\f\\z°-zE¼{\i2Z\֪­\E\\ԣe(\2Aӑ\\Ù\l\7O뽐\\v!|jZ|V<\\\0h\B\ZϟǍ8\\kT r\1[]D\Ku14s\\\\|dOyX\\'@\\\\˳=\*U\\\\$.S\\\"G6ҭr\+p3k\\5\\\@HCBA[y\\\\]\i~I\\+\ڰvj!֍\8R\?Nߤ,T!iQ\2\\ȫd>n6\5h\#\B2d\Z<s\\iZ>ÂTQQ(\ <_鶛+\g\'\\{r\c4$\.|)Qdn\-Efgp+ÝBHídD↿Uͅ3\usǊ\,+!\j\Š+\ǕC2\Z3jٲ,|&q!/(\8`^i\n49聎M}q\\h\¤\\'%bH \πYfnP\':\k9~ύ\\\NͰh^\:\.QOAZw5`+\5\T%&DNJrkn|Zyz\0\"C]ـBF\G\|\I\\\14\q\2\\ݤ\B5\\>Ӱ~{\P\\\yɡ\,a\X\2\nP:&o˴L)=v\ll\HemP>\5\c\Z[K\5.k4\\"\0fNZ6\$sM\ \\\j\ZVȜu)\J\P\<&\(ji.l\\@}IEF}\yyȆ%Ǚ\A[\Ae\'Wȵ-w\ltl,\n\E<\*;\ZR\綰\E6y܆%D8\rb\T\L#0v\L\"\\'dm8۫\MM\\k\\d\S4HU\D.\a0@\p\9s3JIZ/~\2BwI\Waf\d\\997<|\?\}\\\w͡wilT\^g\\.Z{z\8kgx\\\t4y,CE`\#\oO)\ZQ\?Ԍo\i\\B\\\\F珄06\'\5?\	n.z\\\z=\n\F\1R\\³J\ϗe\NA|\Ӆ#\D^^Xp\U\\l\\\AA\ZLӱ}\\\B~]h)@\"=n\"C\0;&\\[IQ\S>yL)\\\d7\ \Ku?\	֘Ly\r212\A\;\\\J{\pjS\\f\\eT8\\0\rh\܍T@\{/-EL( \r.\?7ĵ\0\\h	N@ushL\\z{݋@\\\U3!Q\\l\Yh󲹰E\\0\@$wX\\_t`\635\?\E\O9>Cv_\'=Kd\1|Ax^}?\"\\\oH\܌Z\S	2\C/)A)\P3\?\r\Z\5R\Zd\~\YBYT\Qψ\\r7ĻQ;&[\\\XW\\Z#&o~\\M9f\rhᖞB%¹ϛ;5\\	\_i֮b(y{\nqβ\0\Eߚm+{{aqt|n\\L9l\3\w娷X\\"\Z\\n\\r8\$\b;a=2`\\ ס衱\r}?{D<\\0\$\=&_:XVv\P=\&D\f\\\r|o\c\R4]+pLq\1\ !?\\`#\|+\\\J1#\qlf\_O7\ц&9W\'Qo¨\F	\<OzzZ\&rV\WvsT\\?U\\	\\\ܫYK,\\$M8q\\\\<k\\|kc8<\:>ܣ?W䘢\	\ru;,/\\bXh*í8Z5\n(F\Q\\-\\'\\\\\\kf݉	\\0-\VHU\Y\\?÷NѦ-\\[0\"\5([H\G{֠${\ZQtJA\n\ܙ\G\\YbX\\\{]POCm;\\@s9\曛h\P\{;\ш6ܐ0\3#\G[A\\綼>a\U\D\\0D\4;\y=oZs0`t7yw[r\+\rנ(l\\Vi\t~\"\\\\\Z\Z\Ҋ\12#U\-d\\\\{ۓ-\ï lOen\n\"\n|{\\\\\'\\w\ c-B\\ZJ*^\0\\)Qh\0@\M\b<ן8أ)\@\g6(r/\\KA\\=0\ONݣRbpY\,˻{.\_j{~\dկp,L]\{/_*\1UN*\r6\3\Ya0Xb[x|qt\\%Ļj ֮ĿZ\pyb\\Y)0\jx݉\P\ZՋq/\W:6(\Y}=q[7M\0\鬣%X0\\g%\'	UZUf\<]1Klq\JMc\\'wԲ\\\\A̹DUo߾\%\2	\\]\cHE\|=EX\A^S\1?,,Rl+\\\\J\r\cBMO}<RO T\\1c\\\hȓIԟK\\gw`Jx;\\Ƹ\MS0}B7D|:֘+5%B[Ű!ձ}\\up[,x\\\%J,h)\bI\U) D~]\C\?l`8\m\\\J[\?g;>aצmb{ꍿ\\J\r\\͵\҄+%\rShzxnS\\qh/\gh\\0\VuC#b셔6$b(Gaβ*m\0\\n\3 YC|\R-X\Nk\\\\"M');
/*!40000 ALTER TABLE `imagens` ENABLE KEYS */;
UNLOCK TABLES;

--
-- Table structure for table `imagens_receita`
--

DROP TABLE IF EXISTS `imagens_receita`;
/*!40101 SET @saved_cs_client     = @@character_set_client */;
/*!50503 SET character_set_client = utf8mb4 */;
CREATE TABLE `imagens_receita` (
  `idImagem` int(11) NOT NULL AUTO_INCREMENT,
  `idReceita` int(11) NOT NULL,
  `imagem` longblob NOT NULL,
  PRIMARY KEY (`idImagem`),
  KEY `idReceita` (`idReceita`),
  CONSTRAINT `imagens_receita_ibfk_1` FOREIGN KEY (`idReceita`) REFERENCES `receita` (`idReceita`) ON DELETE CASCADE
) ENGINE=InnoDB DEFAULT CHARSET=utf8mb4 COLLATE=utf8mb4_general_ci;
/*!40101 SET character_set_client = @saved_cs_client */;

--
-- Dumping data for table `imagens_receita`
--

LOCK TABLES `imagens_receita` WRITE;
/*!40000 ALTER TABLE `imagens_receita` DISABLE KEYS */;
/*!40000 ALTER TABLE `imagens_receita` ENABLE KEYS */;
UNLOCK TABLES;

--
-- Table structure for table `ingredientes`
--

DROP TABLE IF EXISTS `ingredientes`;
/*!40101 SET @saved_cs_client     = @@character_set_client */;
/*!50503 SET character_set_client = utf8mb4 */;
CREATE TABLE `ingredientes` (
  `idIngrediente` int(11) NOT NULL AUTO_INCREMENT,
  `nome` varchar(100) NOT NULL,
  `descricao` text DEFAULT NULL,
  `idMedidaFK` int(11) DEFAULT NULL,
  PRIMARY KEY (`idIngrediente`),
  KEY `idMedidaFK` (`idMedidaFK`),
  CONSTRAINT `ingredientes_ibfk_1` FOREIGN KEY (`idMedidaFK`) REFERENCES `medida` (`idMedida`)
) ENGINE=InnoDB AUTO_INCREMENT=28 DEFAULT CHARSET=utf8mb4 COLLATE=utf8mb4_general_ci;
/*!40101 SET character_set_client = @saved_cs_client */;

--
-- Dumping data for table `ingredientes`
--

LOCK TABLES `ingredientes` WRITE;
/*!40000 ALTER TABLE `ingredientes` DISABLE KEYS */;
INSERT INTO `ingredientes` VALUES (1,'Farinha de Trigo',NULL,NULL),(2,'Açúcar',NULL,NULL),(3,'Ovos',NULL,NULL),(4,'Manteiga',NULL,NULL),(5,'Leite','Leite integral',1),(6,'Fermento','Fermento em pó',3),(7,'Sal','Sal refinado',1),(8,'Pimenta','Pimenta do reino',1),(9,'Alho','Alho picado',1),(10,'Cebola','Cebola roxa',1),(11,'Tomate','Tomate maduro',1),(12,'Farinha de Trigo','Farinha usada para pães e bolos',1),(13,'Açúcar','Açúcar refinado',1),(14,'Ovos','Ovos de galinha',2),(15,'Manteiga','Manteiga sem sal',1),(16,'Leite','Leite integral',1),(17,'Fermento','Fermento em pó',3),(18,'Sal','Sal refinado',1),(19,'Pimenta','Pimenta do reino',1),(20,'Alho','Alho picado',1),(21,'Cebola','Cebola roxa',1),(22,'Tomate','Tomate maduro',1),(23,'Queijo','Queijo mussarela',1),(24,'Frango','Peito de frango',2),(25,'Carne Moída','Carne moída de boi',2),(26,'Peixe','Peixe fresco',2),(27,'Batata','Batata inglesa',1);
/*!40000 ALTER TABLE `ingredientes` ENABLE KEYS */;
UNLOCK TABLES;

--
-- Table structure for table `livro`
--

DROP TABLE IF EXISTS `livro`;
/*!40101 SET @saved_cs_client     = @@character_set_client */;
/*!50503 SET character_set_client = utf8mb4 */;
CREATE TABLE `livro` (
  `idLivro` int(11) NOT NULL AUTO_INCREMENT,
  `cod_isbn` varchar(20) NOT NULL,
  `titulo` varchar(150) NOT NULL,
  `editorFK` int(11) DEFAULT NULL,
  `updated_at` timestamp NULL DEFAULT current_timestamp() ON UPDATE current_timestamp(),
  PRIMARY KEY (`idLivro`),
  UNIQUE KEY `cod_isbn` (`cod_isbn`),
  KEY `editorFK` (`editorFK`),
  CONSTRAINT `livro_ibfk_1` FOREIGN KEY (`editorFK`) REFERENCES `funcionario` (`idFuncionario`)
) ENGINE=InnoDB DEFAULT CHARSET=utf8mb4 COLLATE=utf8mb4_general_ci;
/*!40101 SET character_set_client = @saved_cs_client */;

--
-- Dumping data for table `livro`
--

LOCK TABLES `livro` WRITE;
/*!40000 ALTER TABLE `livro` DISABLE KEYS */;
/*!40000 ALTER TABLE `livro` ENABLE KEYS */;
UNLOCK TABLES;

--
-- Table structure for table `livros`
--

DROP TABLE IF EXISTS `livros`;
/*!40101 SET @saved_cs_client     = @@character_set_client */;
/*!50503 SET character_set_client = utf8mb4 */;
CREATE TABLE `livros` (
  `id` int(11) NOT NULL AUTO_INCREMENT,
  `nome` varchar(255) NOT NULL,
  `autor` varchar(255) NOT NULL,
  `sinopse` text NOT NULL,
  `created_at` timestamp NULL DEFAULT current_timestamp(),
  `updated_at` timestamp NULL DEFAULT current_timestamp() ON UPDATE current_timestamp(),
  PRIMARY KEY (`id`)
) ENGINE=InnoDB AUTO_INCREMENT=13 DEFAULT CHARSET=utf8mb4 COLLATE=utf8mb4_general_ci;
/*!40101 SET character_set_client = @saved_cs_client */;

--
-- Dumping data for table `livros`
--

LOCK TABLES `livros` WRITE;
/*!40000 ALTER TABLE `livros` DISABLE KEYS */;
INSERT INTO `livros` VALUES (5,'Receitas Caseiras para o Dia a Dia','João Pereira','Um guia completo com receitas simples e deliciosas para o dia a dia, desde pratos principais até sobremesas.','2024-11-26 16:18:02','2024-11-26 16:18:02'),(7,'Sobremesas Incríveis: Doces e Bolos','Maria Silva','Uma coleção das melhores receitas de sobremesas, incluindo bolos, tortas e doces irresistíveis.','2024-11-26 16:18:02','2024-11-26 16:18:02'),(9,'teste','litlle akakkk','aaa','2024-11-26 17:18:52','2024-11-26 17:18:52'),(11,'qpp','caca','alguma coisa','2024-11-26 17:46:20','2024-11-26 17:46:20'),(12,'teste3','caua','aaaaaaaaaaaaaaaaaaaaaaaaaaaaaaaaaaaaa','2024-11-26 19:45:43','2024-11-26 19:45:43');
/*!40000 ALTER TABLE `livros` ENABLE KEYS */;
UNLOCK TABLES;

--
-- Table structure for table `livros_receita`
--

DROP TABLE IF EXISTS `livros_receita`;
/*!40101 SET @saved_cs_client     = @@character_set_client */;
/*!50503 SET character_set_client = utf8mb4 */;
CREATE TABLE `livros_receita` (
  `id` int(11) NOT NULL AUTO_INCREMENT,
  `livro_id` int(11) NOT NULL,
  `receita_id` int(11) NOT NULL,
  PRIMARY KEY (`id`),
  KEY `livro_id` (`livro_id`),
  KEY `receita_id` (`receita_id`),
  CONSTRAINT `livros_receita_ibfk_1` FOREIGN KEY (`livro_id`) REFERENCES `livros` (`id`),
  CONSTRAINT `livros_receita_ibfk_2` FOREIGN KEY (`receita_id`) REFERENCES `receita` (`idReceita`)
) ENGINE=InnoDB AUTO_INCREMENT=18 DEFAULT CHARSET=utf8mb4 COLLATE=utf8mb4_general_ci;
/*!40101 SET character_set_client = @saved_cs_client */;

--
-- Dumping data for table `livros_receita`
--

LOCK TABLES `livros_receita` WRITE;
/*!40000 ALTER TABLE `livros_receita` DISABLE KEYS */;
INSERT INTO `livros_receita` VALUES (9,9,16),(10,9,21),(11,9,20),(14,11,16),(15,11,22),(16,12,16),(17,12,23);
/*!40000 ALTER TABLE `livros_receita` ENABLE KEYS */;
UNLOCK TABLES;

--
-- Table structure for table `medida`
--

DROP TABLE IF EXISTS `medida`;
/*!40101 SET @saved_cs_client     = @@character_set_client */;
/*!50503 SET character_set_client = utf8mb4 */;
CREATE TABLE `medida` (
  `idMedida` int(11) NOT NULL AUTO_INCREMENT,
  `descricao` varchar(50) NOT NULL,
  PRIMARY KEY (`idMedida`)
) ENGINE=InnoDB AUTO_INCREMENT=10 DEFAULT CHARSET=utf8mb4 COLLATE=utf8mb4_general_ci;
/*!40101 SET character_set_client = @saved_cs_client */;

--
-- Dumping data for table `medida`
--

LOCK TABLES `medida` WRITE;
/*!40000 ALTER TABLE `medida` DISABLE KEYS */;
INSERT INTO `medida` VALUES (1,'gramas'),(2,'unidades'),(3,'colheres de sopa'),(4,'gramas'),(5,'unidades'),(6,'colheres de sopa'),(7,'litros'),(8,'mililitros'),(9,'xícaras');
/*!40000 ALTER TABLE `medida` ENABLE KEYS */;
UNLOCK TABLES;

--
-- Table structure for table `metas`
--

DROP TABLE IF EXISTS `metas`;
/*!40101 SET @saved_cs_client     = @@character_set_client */;
/*!50503 SET character_set_client = utf8mb4 */;
CREATE TABLE `metas` (
  `id` int(11) NOT NULL AUTO_INCREMENT,
  `cargo` varchar(50) NOT NULL,
  `nome` varchar(100) NOT NULL,
  `meta` text NOT NULL,
  `estado` varchar(50) NOT NULL,
  `data_criacao` timestamp NOT NULL DEFAULT current_timestamp(),
  PRIMARY KEY (`id`)
) ENGINE=InnoDB AUTO_INCREMENT=7 DEFAULT CHARSET=utf8mb4 COLLATE=utf8mb4_general_ci;
/*!40101 SET character_set_client = @saved_cs_client */;

--
-- Dumping data for table `metas`
--

LOCK TABLES `metas` WRITE;
/*!40000 ALTER TABLE `metas` DISABLE KEYS */;
INSERT INTO `metas` VALUES (1,'Gerente','Carlos Silva','Aumentar as vendas em 20%','Em andamento','2024-11-26 16:34:15'),(2,'Assistente','Mariana Souza','Reduzir os custos em 15%','Pendente','2024-11-26 16:34:15'),(3,'Coordenador','Lucas Pereira','Lançar novo produto','Concluída','2024-11-26 16:34:15'),(4,'Analista','Beatriz Costa','Treinar equipe de marketing','Em andamento','2024-11-26 16:34:15'),(5,'Diretor','Fernanda Oliveira','Expandir mercado internacional','Pendente','2024-11-26 16:34:15'),(6,'cozinheiro','caua','faz tudo','em andamento','2024-11-26 19:32:01');
/*!40000 ALTER TABLE `metas` ENABLE KEYS */;
UNLOCK TABLES;

--
-- Table structure for table `parametro`
--

DROP TABLE IF EXISTS `parametro`;
/*!40101 SET @saved_cs_client     = @@character_set_client */;
/*!50503 SET character_set_client = utf8mb4 */;
CREATE TABLE `parametro` (
  `ano_prod` smallint(6) NOT NULL,
  `mes_prod` smallint(6) NOT NULL,
  `quant_receitas` varchar(45) NOT NULL,
  PRIMARY KEY (`ano_prod`,`mes_prod`)
) ENGINE=InnoDB DEFAULT CHARSET=utf8 COLLATE=utf8_general_ci;
/*!40101 SET character_set_client = @saved_cs_client */;

--
-- Dumping data for table `parametro`
--

LOCK TABLES `parametro` WRITE;
/*!40000 ALTER TABLE `parametro` DISABLE KEYS */;
/*!40000 ALTER TABLE `parametro` ENABLE KEYS */;
UNLOCK TABLES;

--
-- Table structure for table `receita`
--

DROP TABLE IF EXISTS `receita`;
/*!40101 SET @saved_cs_client     = @@character_set_client */;
/*!50503 SET character_set_client = utf8mb4 */;
CREATE TABLE `receita` (
  `idReceita` int(11) NOT NULL AUTO_INCREMENT,
  `nome_receita` varchar(100) NOT NULL,
  `FKcozinheiro` int(11) DEFAULT NULL,
  `data_criacao` date NOT NULL,
  `FKcategoria` int(11) DEFAULT NULL,
  `modo_preparo` text DEFAULT NULL,
  `num_porcao` int(11) DEFAULT NULL,
  `descricao` text DEFAULT NULL,
  `ind_inedita` tinyint(1) DEFAULT 1,
  `imagem` longblob DEFAULT NULL,
  `caminho_imagem` varchar(255) DEFAULT NULL,
  PRIMARY KEY (`idReceita`),
  KEY `FKcozinheiro` (`FKcozinheiro`),
  KEY `FKcategoria` (`FKcategoria`),
  CONSTRAINT `receita_ibfk_1` FOREIGN KEY (`FKcozinheiro`) REFERENCES `funcionario` (`idFuncionario`),
  CONSTRAINT `receita_ibfk_2` FOREIGN KEY (`FKcategoria`) REFERENCES `categoria` (`idCategoria`)
) ENGINE=InnoDB AUTO_INCREMENT=30 DEFAULT CHARSET=utf8mb4 COLLATE=utf8mb4_general_ci;
/*!40101 SET character_set_client = @saved_cs_client */;

--
-- Dumping data for table `receita`
--

LOCK TABLES `receita` WRITE;
/*!40000 ALTER TABLE `receita` DISABLE KEYS */;
INSERT INTO `receita` VALUES (16,'Salada Caesar',2,'2024-11-12',3,'Misture alface, croutons, queijo parmesão e molho Caesar.',4,'Salada fresca e saborosa.',0,NULL,NULL),(17,'Bolo de Cenoura',1,'2024-11-12',1,'Misture todos os ingredientes e asse por 40 minutos a ',8,'Delicioso bolo de cenoura com cobertura de chocolate.',0,NULL,NULL),(20,'Bolo de Chocolate',1,'2024-11-01',1,'Misture os ingredientes e asse por 30 minutos a 180°C.',8,'Bolo simples de chocolate.',1,NULL,NULL),(21,'Salada Caesar',2,'2024-11-02',3,'Misture alface, croutons, queijo parmesão e molho Caesar.',4,'Salada fresca e saborosa.',0,NULL,NULL),(22,'Frango ao Curry',1,'2024-11-03',2,'Cozinhe o frango com curry e sirva com arroz.',4,'Frango temperado com curry.',1,NULL,NULL),(23,'Sopa de Legumes',2,'2000-05-05',7,'Cozinhe os legumes em água até ficarem macios.',6,'Sopa nutritiva de legumes.',1,NULL,NULL),(25,'2213sadaa',1,'2024-05-05',2,'dawdsdawd',4,'aaa',0,NULL,NULL),(26,'tt',4,'2024-11-22',1,'fgsgfgfds',2,'fsdadfsada',0,NULL,NULL),(27,'tt',20,'2024-05-05',5,'adicionar 4 colheres de mihlo',3,'tt',0,NULL,NULL),(28,'aaa',2,'2024-02-23',4,'asdawdsa',5,'sss',0,NULL,NULL),(29,'tewste',17,'2024-05-05',8,'o q vc quiser',4,'aaaa',0,NULL,NULL);
/*!40000 ALTER TABLE `receita` ENABLE KEYS */;
UNLOCK TABLES;

--
-- Table structure for table `receita_imagem`
--

DROP TABLE IF EXISTS `receita_imagem`;
/*!40101 SET @saved_cs_client     = @@character_set_client */;
/*!50503 SET character_set_client = utf8mb4 */;
CREATE TABLE `receita_imagem` (
  `idImagem` int(11) NOT NULL AUTO_INCREMENT,
  `FKreceita` int(11) NOT NULL,
  `imagem` varchar(255) NOT NULL,
  PRIMARY KEY (`idImagem`),
  KEY `idx_fk_receita` (`FKreceita`),
  CONSTRAINT `receita_imagem_ibfk_1` FOREIGN KEY (`FKreceita`) REFERENCES `receita` (`idReceita`) ON DELETE CASCADE
) ENGINE=InnoDB DEFAULT CHARSET=utf8mb4 COLLATE=utf8mb4_general_ci;
/*!40101 SET character_set_client = @saved_cs_client */;

--
-- Dumping data for table `receita_imagem`
--

LOCK TABLES `receita_imagem` WRITE;
/*!40000 ALTER TABLE `receita_imagem` DISABLE KEYS */;
/*!40000 ALTER TABLE `receita_imagem` ENABLE KEYS */;
UNLOCK TABLES;

--
-- Table structure for table `receita_ingrediente`
--

DROP TABLE IF EXISTS `receita_ingrediente`;
/*!40101 SET @saved_cs_client     = @@character_set_client */;
/*!50503 SET character_set_client = utf8mb4 */;
CREATE TABLE `receita_ingrediente` (
  `id` int(11) NOT NULL AUTO_INCREMENT,
  `FKreceita` int(11) NOT NULL,
  `quantidade` decimal(5,2) NOT NULL,
  `FKMedida` int(11) NOT NULL,
  `FKIngrediente` int(11) NOT NULL,
  PRIMARY KEY (`id`),
  KEY `FKreceita` (`FKreceita`),
  KEY `FKMedida` (`FKMedida`),
  KEY `FKIngrediente` (`FKIngrediente`),
  CONSTRAINT `receita_ingrediente_ibfk_1` FOREIGN KEY (`FKreceita`) REFERENCES `receita` (`idReceita`) ON DELETE CASCADE,
  CONSTRAINT `receita_ingrediente_ibfk_2` FOREIGN KEY (`FKMedida`) REFERENCES `medida` (`idMedida`),
  CONSTRAINT `receita_ingrediente_ibfk_3` FOREIGN KEY (`FKIngrediente`) REFERENCES `ingredientes` (`idIngrediente`)
) ENGINE=InnoDB AUTO_INCREMENT=143 DEFAULT CHARSET=utf8mb4 COLLATE=utf8mb4_general_ci;
/*!40101 SET character_set_client = @saved_cs_client */;

--
-- Dumping data for table `receita_ingrediente`
--

LOCK TABLES `receita_ingrediente` WRITE;
/*!40000 ALTER TABLE `receita_ingrediente` DISABLE KEYS */;
INSERT INTO `receita_ingrediente` VALUES (25,25,21.00,1,1),(26,25,21.00,1,1),(27,25,22.00,1,1),(28,25,21.00,1,1),(29,25,21.00,1,1),(30,25,22.00,1,1),(31,25,21.00,1,1),(32,25,22.00,1,1),(33,25,21.00,1,1),(34,25,21.00,1,1),(35,25,22.00,1,1),(36,25,21.00,1,1),(37,25,21.00,1,1),(38,25,22.00,1,1),(39,25,21.00,1,1),(40,25,22.00,1,1),(42,23,22.00,1,1),(43,23,22.00,1,1),(44,23,22.00,1,1),(46,23,22.00,1,1),(47,23,22.00,1,1),(48,23,22.00,1,1),(49,23,22.00,1,1),(50,23,22.00,1,1),(51,23,22.00,1,1),(52,23,22.00,1,1),(53,23,22.00,1,1),(54,23,22.00,1,1),(60,23,22.00,1,1),(61,23,22.00,1,1),(62,23,22.00,1,1),(63,23,22.00,1,1),(64,23,22.00,1,1),(65,23,22.00,1,1),(66,23,22.00,1,1),(67,23,22.00,1,1),(68,23,22.00,1,1),(69,23,22.00,1,1),(70,23,22.00,1,1),(71,23,22.00,1,1),(72,23,22.00,1,1),(73,23,22.00,1,1),(74,23,22.00,1,1),(75,23,22.00,1,1),(76,23,22.00,1,1),(78,22,22.00,1,1),(79,22,22.00,1,1),(80,22,22.00,1,1),(81,22,22.00,1,1),(82,16,22.00,1,1),(83,16,22.00,1,1),(84,16,22.00,1,1),(85,16,22.00,1,1),(86,16,22.00,1,1),(87,16,22.00,1,1),(88,26,4.00,3,2),(89,26,4.00,3,1),(90,26,4.00,1,1),(91,26,4.00,2,1),(92,26,4.00,1,1),(93,26,4.00,1,19),(94,26,4.00,1,1),(95,26,4.00,1,1),(96,26,5.00,7,13),(97,27,4.00,1,1),(98,28,4.00,3,1),(99,28,4.00,9,14),(100,16,22.00,1,1),(101,16,22.00,1,1),(102,16,22.00,1,1),(103,16,22.00,1,1),(104,16,22.00,1,1),(105,16,22.00,1,1),(106,23,22.00,1,1),(107,23,22.00,1,1),(108,23,22.00,1,1),(109,23,22.00,1,1),(110,23,22.00,1,1),(111,23,22.00,1,1),(112,23,22.00,1,1),(113,23,22.00,1,1),(114,23,22.00,1,1),(115,23,22.00,1,1),(116,23,22.00,1,1),(117,23,22.00,1,1),(118,23,22.00,1,1),(119,23,22.00,1,1),(120,23,22.00,1,1),(121,23,22.00,1,1),(122,23,22.00,1,1),(123,23,22.00,1,1),(124,23,22.00,1,1),(125,23,22.00,1,1),(126,23,22.00,1,1),(127,23,22.00,1,1),(128,23,22.00,1,1),(129,23,22.00,1,1),(130,23,22.00,1,1),(131,23,22.00,1,1),(132,23,22.00,1,1),(133,23,22.00,1,1),(134,23,22.00,1,1),(135,29,400.00,1,16),(136,29,1.00,7,14),(137,29,400.00,1,1),(138,29,1.00,1,1),(139,29,400.00,1,1),(140,29,1.00,1,1),(141,29,400.00,1,1),(142,29,1.00,1,1);
/*!40000 ALTER TABLE `receita_ingrediente` ENABLE KEYS */;
UNLOCK TABLES;

--
-- Table structure for table `referencia`
--

DROP TABLE IF EXISTS `referencia`;
/*!40101 SET @saved_cs_client     = @@character_set_client */;
/*!50503 SET character_set_client = utf8mb4 */;
CREATE TABLE `referencia` (
  `FKCozinheiro` int(11) NOT NULL,
  `FKRestaurante` smallint(6) NOT NULL,
  PRIMARY KEY (`FKCozinheiro`,`FKRestaurante`),
  KEY `FKRestaurante` (`FKRestaurante`),
  CONSTRAINT `referencia_ibfk_1` FOREIGN KEY (`FKCozinheiro`) REFERENCES `funcionario` (`idFuncionario`),
  CONSTRAINT `referencia_ibfk_2` FOREIGN KEY (`FKRestaurante`) REFERENCES `restaurante` (`idRestaurante`)
) ENGINE=InnoDB DEFAULT CHARSET=utf8 COLLATE=utf8_general_ci;
/*!40101 SET character_set_client = @saved_cs_client */;

--
-- Dumping data for table `referencia`
--

LOCK TABLES `referencia` WRITE;
/*!40000 ALTER TABLE `referencia` DISABLE KEYS */;
INSERT INTO `referencia` VALUES (2,1);
/*!40000 ALTER TABLE `referencia` ENABLE KEYS */;
UNLOCK TABLES;

--
-- Table structure for table `restaurante`
--

DROP TABLE IF EXISTS `restaurante`;
/*!40101 SET @saved_cs_client     = @@character_set_client */;
/*!50503 SET character_set_client = utf8mb4 */;
CREATE TABLE `restaurante` (
  `idRestaurante` smallint(6) NOT NULL AUTO_INCREMENT COMMENT 'Contém o identificador do restaurante. Exemplo: IdRestaurante Nome 00001 CocoBambu 00002 Fiu Fiu',
  `nome` varchar(45) NOT NULL COMMENT 'Contém nome do restaurante. Exemplo: IdRestaurante Nome 00001 CocoBambu 00002 Fiu Fiu',
  PRIMARY KEY (`idRestaurante`)
) ENGINE=InnoDB AUTO_INCREMENT=3 DEFAULT CHARSET=utf8 COLLATE=utf8_general_ci;
/*!40101 SET character_set_client = @saved_cs_client */;

--
-- Dumping data for table `restaurante`
--

LOCK TABLES `restaurante` WRITE;
/*!40000 ALTER TABLE `restaurante` DISABLE KEYS */;
INSERT INTO `restaurante` VALUES (1,'CocoBambu'),(2,'Fiu Fiu');
/*!40000 ALTER TABLE `restaurante` ENABLE KEYS */;
UNLOCK TABLES;

--
-- Table structure for table `tipo_midia`
--

DROP TABLE IF EXISTS `tipo_midia`;
/*!40101 SET @saved_cs_client     = @@character_set_client */;
/*!50503 SET character_set_client = utf8mb4 */;
CREATE TABLE `tipo_midia` (
  `idTipo_Midia` smallint(6) NOT NULL COMMENT 'Identificador do tipo de mídia.',
  `descricao` varchar(45) NOT NULL COMMENT 'Descrição do tipo de mídia.',
  PRIMARY KEY (`idTipo_Midia`)
) ENGINE=InnoDB DEFAULT CHARSET=utf8 COLLATE=utf8_general_ci;
/*!40101 SET character_set_client = @saved_cs_client */;

--
-- Dumping data for table `tipo_midia`
--

LOCK TABLES `tipo_midia` WRITE;
/*!40000 ALTER TABLE `tipo_midia` DISABLE KEYS */;
INSERT INTO `tipo_midia` VALUES (1,'Vídeo'),(2,'Imagem');
/*!40000 ALTER TABLE `tipo_midia` ENABLE KEYS */;
UNLOCK TABLES;

--
-- Table structure for table `usuarios`
--

DROP TABLE IF EXISTS `usuarios`;
/*!40101 SET @saved_cs_client     = @@character_set_client */;
/*!50503 SET character_set_client = utf8mb4 */;
CREATE TABLE `usuarios` (
  `id` int(11) NOT NULL AUTO_INCREMENT,
  `nome` varchar(100) NOT NULL,
  `rg` varchar(20) NOT NULL,
  `email` varchar(100) NOT NULL,
  `senha` varchar(255) NOT NULL,
  PRIMARY KEY (`id`),
  UNIQUE KEY `rg` (`rg`),
  UNIQUE KEY `email` (`email`)
) ENGINE=InnoDB AUTO_INCREMENT=4 DEFAULT CHARSET=utf8mb4 COLLATE=utf8mb4_general_ci;
/*!40101 SET character_set_client = @saved_cs_client */;

--
-- Dumping data for table `usuarios`
--

LOCK TABLES `usuarios` WRITE;
/*!40000 ALTER TABLE `usuarios` DISABLE KEYS */;
INSERT INTO `usuarios` VALUES (3,'joice','123','paulo.tok23@gmail.com','$2y$10$esrFZCn3ATS5ueJskiLCW.SqdUAMBLS6zubo0jv/1n/yn9tvhxqyG');
/*!40000 ALTER TABLE `usuarios` ENABLE KEYS */;
UNLOCK TABLES;
/*!40103 SET TIME_ZONE=@OLD_TIME_ZONE */;

/*!40101 SET SQL_MODE=@OLD_SQL_MODE */;
/*!40014 SET FOREIGN_KEY_CHECKS=@OLD_FOREIGN_KEY_CHECKS */;
/*!40014 SET UNIQUE_CHECKS=@OLD_UNIQUE_CHECKS */;
/*!40101 SET CHARACTER_SET_CLIENT=@OLD_CHARACTER_SET_CLIENT */;
/*!40101 SET CHARACTER_SET_RESULTS=@OLD_CHARACTER_SET_RESULTS */;
/*!40101 SET COLLATION_CONNECTION=@OLD_COLLATION_CONNECTION */;
/*!40111 SET SQL_NOTES=@OLD_SQL_NOTES */;

-- Dump completed on 2024-11-26 18:23:07
